naas_cd,naas_nm,naas_ch_nm,naas_en_nm,birth_dt,party,district,district_type,committee,belonging_committee,election_type,gender,phone,email,website,office,photo_url,bio
T2T8225E,강경숙,姜景淑,KANG KYUNGSOOK,1967-05-02,조국혁신당,비례대표,비례대표,교육위원회,교육위원회,초선,여,02-784-5601,gracesook52@rebuildingk.kr,https://blog.naver.com/grace6752,의원회관 515호,https://www.assembly.go.kr/static/portal/img/openassm/new/68f83caf0c9e4546b1694ead863f45ce.jpg,2024.5~ 제22대 국회의원 (비례대표/조국혁신당) 2021.2~2023.2 장애인정책조정위원회 위원 2021 대통령직속 국가균형발전위원회 위원 2017.12~2018 대통령직속 국가교육회의 위원 2013.7~2014.7 미국 워싱턴대학교 특수교육과 연구교수 ~2012.3 원광대학교 입학기획부처장 2011.1 원광대학교 입학사정관실장 2007.4~ 원광대학교 중등특수교육과 교수 2000.3~2007.3 교육부 국립특수교육원 교육연구사 1993.3~2000.2 은평학교 특수교육 교사 1991.4~1992.8 세이브더칠드런 해외사업부
L2I9861C,강대식,姜大植,KANG DAESIK,1959-11-02,미래통합당/국민의힘,대구 동구을/대구 동구군위군을,지역구/지역구,국방위원회,국방위원회,재선,남,02-784-5275,kds21341@naver.com,,의원회관 341호,https://www.assembly.go.kr/static/portal/img/openassm/new/d1fe9f0902d84f0ba74f721d3298be7f.png,[학력] 송정초등학교 안심중학교 경북대학교 사범대학 부속고등학교 영남대학교 경영대학원 경영학 석사 영남대학교 대학원 경영학 박사 [경력] 현) 제21대 국회 국토교통위원회 위원 현) 제21대 국회 예산결산위원회 위원 현) 제21대 국회의원 (대구 동구을/국민의힘) 현) 대구경북신공항 여야정 협의체 위원 현) 국민의힘 천안함 생존 장병과 유가족 지원을 위한 TF 위원 현) 한중차세대리더포럼 회원 현) 국회 아시아정당국제회의 의원연맹 회원 현) 국민의힘 약자와의동행위원회 위원 현) 국민의힘 호남동행 국회의원 모임 위원 전) 국민의힘 조직부총장 전) 제8회전국동시지방선거 국민의힘 중앙선대위 조직본부장 전) 6.1국회의원 재&middot;보궐선거 국민의힘 공천관리위원 전) 국회 정치개혁특별위원회&middot;공직선거법 및 지방선거구제개편심사소위원회 위원 전) 국회 국방위원회 및 예산심사소위&middot;법안심사소위 위원 전) 국민의힘 원내부대표 전) 국민의힘 제20대 대선 중앙선대본부 직능총괄본부 지방자치지원본부장 전) 국민의힘 제20대 대선 대구선대위 조직강화본부장 전) 국민의힘 대선 경선 유승민 후보 대외협력본부장 전) 국민의힘 초선의원 모임 운영위원 전) 대구광역시 동구 구청장 전) 대구광역시 동구의회 의장 전) 대구광역시 동구의회 의원 전) 대구광역시 동구문화재단 이사장
8P37634C,강득구,姜得求,KANG DEUKGU,1963-05-27,더불어민주당/더불어민주당,경기 안양시만안구/경기 안양시만안구,지역구/지역구,"환경노동위원회, 기후위기 특별위원회","환경노동위원회, 기후위기 특별위원회",재선,남,02-784-2747~9,mainsail440@daum.net,http://blog.naver.com/dulipapa,의원회관 814호,https://www.assembly.go.kr/static/portal/img/openassm/new/0410a0c8e24b474cac2fd79c7700ca2f.jpg,"2024. 5. ~ 현재 국회 환경노동위원회 위원 2024. 2. ~ 현재 김대중재단 경기도지부회장 2024. 2. ~ 현재 자치분권경기연대 상임대표 2024. 4. ~ 2024. 7. 더불어민주당 수석사무부총장 2023. 4. ~ 2024. 4. 더불어민주당 정책위원회 상임부의장 2023. 2. ~ 2024. 5. 국회 인구위기특별위원회 위원 2020. 7. ~ 2024. 5. 국회 교육위원회 위원(전반기, 후반기) 2020. 5. ~ 현재 국회의원, 더불어민주당 안양시만안구 지역위원장 2022. 4. ~ 2023. 5. 국회 운영위원회 위원 2022. 3. ~ 2023. 4. 더불어민주당 원내부대표 2021. 7. ~ 2022. 6. 국회 예산결산특별위원회 위원 2018. 10. ~ 2019. 5. 민주연구원 자치발전연구센터 본부장 2016. 10. ~ 2018. 3. 경기도 연정부지사 2014. 7. ~ 2016. 1. 경기도의회 의장 2010. 7. ~ 2014. 6. 경기도의회 의원(2013. 7. ~ 2014. 6. 민주당 대표) 1998. 7. ~ 2002. 6. 경기도의회 의원"
9901388T,강명구,姜明求,KANG MYOUNGGU,1977-06-07,국민의힘,경북 구미시을,지역구,농림축산식품해양수산위원회,농림축산식품해양수산위원회,초선,남,02-784-2844~6,myounggu.power@gmail.com,https://blog.naver.com/0909kmg,의원회관 1018호,https://www.assembly.go.kr/static/portal/img/openassm/new/9f095290d68b47638983c7db100c2eb0.jpg,□ 학력 영국 맨체스터대학교 대학원 정치학-행정과 공공정책 석사 (2008.09.-2009.11.) 경희대학교 대학원 정치학 석사(2007) □ 주요경력 現 제22대 국회의원(경북 구미시을) 現 국민의힘 포털 불공정개혁TF 위원 現 국민의힘 AI반도체특별위원회 위원 現 국민의힘 재정세재개편특별위원회 위원 前 국민의힘 비상대책위원장 비서실장 前 국민의힘 원내부대표 前 대통령비서실 국정기획비서관 前 경희대학교 정치외교학과 객원교수 前 미국 존스홉킨스대학교 국제관계대학원 SAIS 객원연구원 前 여의도연구원 정책연구실 객원연구원
GX22581L,강민국,姜旻局,KANG MINKUK,1971-03-03,미래통합당/국민의힘,경남 진주시을/경남 진주시을,지역구/지역구,정무위원회,정무위원회,재선,남,02-784-0797,strongwind01@naver.com,https://www.youtube.com/@strongwind01,의원회관 1007호,https://www.assembly.go.kr/static/portal/img/openassm/new/70f21f66d1ea471192858adb6f379299.png,"[학력] - 경남대학교 대학원 법학과 졸업 (법학박사) [경력] - 현) 제21, 22대 국회의원 (경남 진주시을) - 현) 국민의힘 경상남도당 위원장 - 현) 제22대 국회 정무위원회 간사 - 전) 제21대 대통령선거 국민의힘 김문수 후보 중앙선거대책위원회 공보단장 - 전) 국민의힘 경상남도당 4.2 재&middot;보궐선거 공천관리위원회 위원장 - 전) 국민의힘 경상남도당 4.10 재&middot;보궐선거 공천관리위원회 위원장 - 전) 제22대 국회 운영위원회 위원 - 전) 제21대 국회 정무위원회 위원 - 전) 국민의힘 원내대변인 - 전) 국민의힘 원내부대표 - 전) 제20대 대통령선거 국민의힘 윤석열 후보 중앙선거대책위원회 종합지원총괄본부 당무조정본부장 - 전) 제20대 대통령선거 국민의힘 윤석열 후보 중앙선거대책위원회 경상남도본부장 - 전) 국회 정치개혁특별위원회 위원 - 전) 국회 중앙선거관리위원회 위원 선출에 관한 인사청문특별위원회 위원 - 전) 제21대 국회 예산결산특별위원회 위원 - 전) 국민의힘 경상남도당 4.5 재보궐선거 공천관리위원회 위원장 - 전) 국민의힘 수석대변인 - 전) 국민의힘 경상남도당 수석부위원장 - 전) 제10대 &middot;제11대 경상남도의회 의원 - 전) 제11대 전반기 경상남도의회 건설소방위원회 위원장"
NQO7187X,강선영,姜善榮,KANG SUNYOUNG,1966-09-24,국민의미래,비례대표,비례대표,"국방위원회, 윤석열정부의비상계엄선포를통한내란혐의진상규명국정조사특별위원회, 국회운영위원회","국방위원회, 윤석열정부의비상계엄선포를통한내란혐의진상규명국정조사특별위원회, 국회운영위원회",초선,여,02-784-1571,335kang@naver.com,https://blog.naver.com/335kang,의원회관 335호,https://www.assembly.go.kr/static/portal/img/openassm/new/89a10eac7851470598886907100ae5ad.jpg,■ 학력 숙명 여자대학교 졸업(행정학사) 서울대학교 행정대학원 정책학 석사 수료 ■ 경력 현) 제22대 국회의원(국민의힘 비례대표) 현) 국민의힘 원내부대표 현) 국회 운영위원회 위원 현) 국민의힘 국가안보위원장 현) 국회 국방위원회 위원 전) 국민의힘 외교안보특별위원회 간사 전) 숙명여자 대학교 안보학교수 (석좌교수) 전) 재향군인회 여성회 자문위원 전) 육군협회 이사 전) 대한민국 육군 항공작전사령관 겸 항공병과장 전) 대한민국 육군 소장 전) 육군항공학교 학교장
MNZ4401T,강선우,姜仙祐,KANG SUNWOO,1978-06-02,더불어민주당/더불어민주당,서울 강서구갑/서울 강서구갑,지역구/지역구,"연금개혁 특별위원회, 외교통일위원회","연금개혁 특별위원회, 외교통일위원회",재선,여,02-784-5761~3,gangseo.kap@gmail.com,http://blog.naver.com/gangseo-kap,의원회관 418호,https://www.assembly.go.kr/static/portal/img/openassm/new/129a16b2bcda41578deb4f1f1009f297.jpg,□ 학력 - 이화여자대학교 사범대학 영어교육학과 학사 - 이화여자대학교 대학원 소비자인간발달학과 석사 - 미국 위스콘신대학교 매디슨 캠퍼스 인간발달 및 가족학 박사 □ 주요 약력 - (현) 국회 외교통일위원회 위원 - (현) 더불어민주당 세월호특별위원회 부위원장 - (현) 국회 연금개혁특별위원회 위원 - (현) 더불어민주당 연금개혁특별위원회 위원 - (현) 한미의원연맹 이사 - (현) 더불어민주당 국제외교협력본부 본부장 - (현) 더불어민주당 항공참사대책위원회 희생자가족지원단 위원 - (현) 더불어민주당 내란극복&middot;국정안정 특별위원회 국제협력단장 - (현) 더불어민주당 직능대표자회의 부의장 - (현) 더불어민주당 외교안보통일자문회의 부의장 - (현) 더불어민주당 이태원참사특별위원회 위원 - (현) 더불어민주당 의료대란대책특위 부위원장 - (현) 더불어민주당 국제위원회 위원장 - (현) 자립준비청년 멘티-멘토 프로그램 희망디딤돌 캠페인 자문위원 - (전) 제22대 국회 전반기 보건복지위원회 간사 - (전) 더불어민주당 보건복지정책조정위원회 위원장 - (전) 국회국제보건의료포럼 당연직 이사 - (전) 더불어민주당 세계한인민주회의 부의장 - (전) 더불어민주당 초저출생인구위기대응위원회 위원 - (전) 제21대 국회 보건복지위원회 위원 - (전) 더불어민주당 대변인 - (전) 국회 예산결산특별위원회 위원 - (전) 국회 여성가족위원회 위원 - (전) 더불어민주당 원내부대표 - (전) 대통령 직속 국가교육회의 전문위원 - (전) 미국 사우스다코타주립대학교 조교수 [지역사무실] 서울 강서구 강서로 205 케이빌딩 6층 T: 02-2604-2300 / F:02-2604-2309
42K7317Y,강승규,姜升圭,KANG SEUNGKYOO,1963-09-20,한나라당/국민의힘,서울 마포구갑/충남 홍성군예산군,지역구/지역구,"산업통상자원중소벤처기업위원회, 예산결산특별위원회","산업통상자원중소벤처기업위원회, 예산결산특별위원회",재선,남,02-784-7141,teamkang9@gmail.com,https://www.assembly.go.kr/members/22nd/KANGSEUNGKYOO,의원회관 605호,https://www.assembly.go.kr/static/portal/img/openassm/new/ec481315df7b49b4b1a0e8761f41ca49.jpg,"<학력> 조림초, 임성중, 북일고등학교 졸업 고려대학교 정치외교학과 졸업 서울시립대 도시행정대학원 석사 서강대 영상대학원 광고홍보학 박사 <경력> 前 서울특별시 공보관&middot;홍보기획관 前 제18대 국회의원 前 제20대 대한야구협회 회장&middot;아시아야구연맹 회장 前 윤석열 대통령실 초대 시민사회수석"
Q129715Y,강유정,姜由楨,KANG YUJUNG,1975-12-15,더불어민주연합,비례대표,비례대표,,"국회운영위원회, 문화체육관광위원회",초선,여,,,,,https://www.assembly.go.kr/static/portal/img/openassm/Q129715Y.jpg,- 제22대 국회의원(더불어민주당/비례) - 국회 운영위원회 위원 - 국회 문화체육관광위원회 위원 - 더불어민주당 원내대변인
5KV96424,강준현,康準鉉,KANG JUNHYEON,1964-08-19,더불어민주당/더불어민주당,세종특별자치시을/세종특별자치시을,지역구/지역구,정무위원회,정무위원회,재선,남,02-784-6950,jhkang315@gmail.com,https://blog.naver.com/kangjunhyeon_,의원회관 637호,https://www.assembly.go.kr/static/portal/img/openassm/new/cf61b325757141748e07e055e1541468.jpg,-22대 국회의원(세종특별자치시 을) -22대 국회 정무위원회 간사 -21대 국회의원(세종특별자치시 을) -21대 국회 기획재정위원회 위원 -더불어민주당 세종시을 지역위원장 -더불어민주당 국가균형발전특별위원회 부위원장 -더불어민주당 K-뉴딜위원회 지역균형뉴딜분과위원회 위원 -더불어민주당 지방소멸대응TF 위원 -더불어민주당 세종시 을 지역위원장 -(前)세종특별자치시 정무부시장 -(前)행정안전부 정책자문위원회 지방자치분권과 위원 -(前)충남대학교 건축공학과 특임교수 -(前)더불어민주당 세종시당위원장
TRE2429O,강훈식,姜勳植,KANG HOONSIK,1973-10-24,더불어민주당/더불어민주당/더불어민주당,충남 아산시을/충남 아산시을/충남 아산시을,지역구/지역구/지역구,,정무위원회,3선,남,,,,,https://www.assembly.go.kr/static/portal/img/openassm/TRE2429O.jpg,"(현) 제20,21,22대 국회의원(3선) (현) 제22대 국회 정무위원회 위원 - 국회 예산결산특별위원회 간사(전) - 국회 보건복지위원회 간사(전) - 국회 산업통상자원중소벤처기업위원회 간사(전) - 더불어민주당 수석대변인(전) - 더불어민주당 충남도당위원장(전) - 국회 예산결산위원회 위원(전) - 국회 국토교통위원회 위원(전) - 국회 아동&middot;여성&middot;인권정책포럼 연구책임위원(전) - 국회 미세먼지대책특별위원회 위원(전) - 국회 운영위원회 위원(전) - 더불어민주당 원내대변인(전) - 더불어민주당 전략기획위원장(전) - 동국대언론정보대학원 신문방송학 겸임교수(전) - 뉴욕주립대학교 한국학연구소 객원연구원(전) - 건국대학교 총학생회장(전) - 건국대 경영학 학사(전) [충남 아산 지역사무실] 충남 아산시 배방읍 배방로 22 삼영프라자 601호 041-548-5245"
HS39431V,고동진,高東眞,KOH DONGJIN,1961-03-26,국민의힘,서울 강남구병,지역구,행정안전위원회,행정안전위원회,초선,남,02-784-8450,dj_koh7163@naver.com,,의원회관 1014호,https://www.assembly.go.kr/static/portal/img/openassm/new/8e0621184727401ea5537cbeb1557776.jpg,현) 국민의힘 AI 3대강국 도약 특별위원회 소위원장(AI 컴퓨팅 인프라) 현) 제22대 국회의원(서울 강남구병/국민의힘) 전) 국민의힘 인재영입위원장 전) 삼성전자 대표이사
WCD5518S,고민정,高旼廷,KO MINJUNG,1979-08-23,더불어민주당/더불어민주당,서울 광진구을/서울 광진구을,지역구/지역구,"교육위원회, 예산결산특별위원회","교육위원회, 예산결산특별위원회",재선,여,02-784-4630,kominjung21@gmail.com,https://blog.naver.com/kominjung629,의원회관 629호,https://www.assembly.go.kr/static/portal/img/openassm/new/d0dbd25d7bc04abdbf2775200feacebb.jpg,"[경력] - 제21대&middot;22대 국회의원 (서울 광진구을/더불어민주당) - 제22대 국회 교육위원회 위원 (현) - 제22대 국회 예산결산특별위원회 위원 (현) - 더불어민주당 인권위원장 (현) - 제22대 국회 운영위원회 위원 - 더불어민주당 언론자유대책특별위원회 위원장 - 더불어민주당 윤석열정권 외교참사 거짓말 대책위원회 위원장 - 제21대 국회 과학기술정보방송통신위원회 위원 - 더불어민주당 최고위원 - 더불어민주당 원내전략부대표 - 더불어민주당 사회복지특별위원회 위원 - 제21대 국회 예산결산특별위원회 위원 - 제21대 국회 보건복지위원회 위원 - 더불어민주당 정책위원회 상임부의장 - 제21대 국회 산업통상자원중소벤처기업위원회 위원 - 대통령비서실 대변인 - 대통령비서실 부대변인, 비서관 - 대통령비서실 부대변인, 선임행정관 - KBS 아나운서실 아나운서 [지역사무실 고캠] 서울특별시 광진구 아차산로 399, 2층 T: 02-455-0629 / F: 02-446-0629"
REG96285,곽규택,郭圭澤,KWAK KYUTAEK,1971-04-12,국민의힘,부산 서구동구,지역구,"법제사법위원회, 순직 해병 수사 방해 및 사건 은폐 등의 진실규명을 위한 국정조사특별위원회, 윤석열정부의비상계엄선포를통한내란혐의진상규명국정조사특별위원회, 국회운영위원회","법제사법위원회, 순직 해병 수사 방해 및 사건 은폐 등의 진실규명을 위한 국정조사특별위원회, 윤석열정부의비상계엄선포를통한내란혐의진상규명국정조사특별위원회, 국회운영위원회",초선,남,02-784-5970,kktlaw@naver.com,blog.naver.com/kktlaw,의원회관 528호,https://www.assembly.go.kr/static/portal/img/openassm/new/fd163330861a4c5691ba7cfd0ad39ea6.jpg,"[주요 약력] 부산지방검찰청 동부지청 부장검사 서울중앙지방검찰청 부장검사 동아대학교 법학전문대학원 겸임교수 부산대신중학교, 부산디지털고등학교, 부산중학교, 경남여자중학교 고문변호사 학교법인 선화학원 이사 동아고등학교 학교운영위원장 서구청 고문변호사 대한변협 장애인인권지킴이단 변호사 부산변회 중소기업 지원변호사단 변호사 한국교총 교권보호 고문변호사 부산시장 보궐선거 국민의힘 부산선거대책위원회 법률지원단장 [주요 학력] 서울대학교 사법학과 서울대학교 행정대학원 행정학 석사 워싱턴 주립대학교 로스쿨 방문학자 사법연수원(25기)"
FIE6569O,곽상언,郭相彦,KWAK SANGEON,1971-11-18,더불어민주당,서울 종로구,지역구,"산업통상자원중소벤처기업위원회, 예산결산특별위원회","산업통상자원중소벤처기업위원회, 예산결산특별위원회",초선,남,02-784-2890,jongno.kwak@gmail.com,https://blog.naver.com/kwaksangeon,의원회관 327호,https://www.assembly.go.kr/static/portal/img/openassm/new/6719771fc8dd4a80a824ac6716aa854b.jpg,[학력] - 서울대학교 국제경제학과 졸업 (경제학사) - 서울대학교 대학원 법학과 졸업 (법학석사) - 뉴욕대학교(NYU) 로스쿨 졸업 (Master of Laws) [경력] - 현) 종로구 지역위원회 위원장 (더불어민주당 서울특별시당) - 현) 김대중재단 종로구지회 회장 - 제43회 사법시험 합격 (사법연수원 제33기 수료) - 법무법인 인강 대표변호사 - 경희대학교 법무대학원 겸임교수 - 민주연구원 상근 부원장 - 더불어민주당 제20대 대통령후보 선거대책위원회 대변인 - 더불어민주당 원내부대표 - 더불어민주당 검찰개혁TF &middot; 언론개혁TF 위원
7469929V,구자근,具滋根,KOO JAKEUN,1967-10-09,미래통합당/국민의힘,경북 구미시갑/경북 구미시갑,지역구/지역구,산업통상자원중소벤처기업위원회,산업통상자원중소벤처기업위원회,재선,남,02-784-3190,can929292@naver.com,http://blog.naver.com/can929292,의원회관 408호,https://www.assembly.go.kr/static/portal/img/openassm/new/009fb2abbde940579802b3494f132e85.jpg,[학력] 동국대학교 법과대학 졸업 (법학과 석사) [약력] 제21&middot;22대 국회의원 (경북 구미시갑/국민의힘) 2025.02 ~ 국민의힘 중앙위원회 수석부의장 2024.08 ~ 제22대 국회 예산결산특별위원회 간사 2024.05 ~ 제22대 국회 기획재정위원회 위원 2023.02 ~ 2024.05 국회 첨단전략산업특별위원회 위원 2023.02 ~ 2023.12 국민의힘 당대표비서실장 2021.06 ~ 2022.06 국민의힘 반도체 특별위원회 위원 2021.05 ~ 2022.05 국민의힘 원내부대표 2020.11 ~ 2021.06 국민의힘 정책위원회 제2정조위원회 부위원장 2020.10 ~ 2024.05.국민의힘 약자와의 동행위원회 정책동행분과 위원 2020.07 ~ 2021.06 국민의힘 정책위원회 소상공인 살리기 특별위원회 위원 2020.05 ~ 2024.05 제21대 국회 산업통상자원중소벤처기업위원회 위원 2010.07 ~ 2014.06 제9대&middot;10대 경상북도의회 의원 2006.07 ~ 2010.03 제5대 구미시의회 의원
GDG1847Z,권성동,權性東,KWEON SEONGDONG,1960-04-29,한나라당/새누리당/새누리당/무소속/국민의힘,강원 강릉시/강원 강릉시/강원 강릉시/강원 강릉시/강원 강릉시,지역구/지역구/지역구/지역구/지역구,보건복지위원회,보건복지위원회,5선,남,02-784-3396~8 / 788-2469,ksdd22@naver.com,https://web.facebook.com/ksdd22,의원회관 820호,https://www.assembly.go.kr/static/portal/img/openassm/new/af3b64d8d85b45dcbccefb6646589be9.png,중앙국민학교 졸업 경포중학교 졸업 강릉명륜고등학교 졸업 중앙대학교 법학과 졸업 제27회 사법시험 합격 제17기 사법연수원 수료 해군 중위 전역 (전) 인천지검 특수부 부장검사 (전) 대통령실 법무비서관 (전) 새누리당 사무총장 (전) 국회 법제사법위원회 위원장 (전) 국회 운영위원회 위원장 (전) 국민의힘 사무총장 (전) 국민의힘 원내대표 (현) 강원도 국회의원협의회 회장 (현) 제 18~21대 강릉시 국회의원
LG63087O,권영세,權寧世,KWON YOUNGSE,1959-02-24,한나라당/한나라당/한나라당/미래통합당/국민의힘,서울특별시 영등포구을/서울특별시 영등포구을/서울 영등포구을/서울 용산구/서울 용산구,지역구/지역구/지역구/지역구/지역구,"정보위원회, 기획재정위원회","정보위원회, 기획재정위원회",5선,남,02-784-3103,yskys2020@naver.com,https://blog.naver.com/yskys2020,의원회관 450호,https://www.assembly.go.kr/static/portal/img/openassm/new/f58fcbb4b2f64d05a335da7099f679e7.jpg,전)국민의힘 비상대책위원장 전)통일부장관 전)주중대사 전)국회 정보위원장 서울대학교 법학과 및 동 대학원 졸업(법학석사) 미 하버드 케네디스쿨 졸업(행정학석사)
LYY5513O,권영진,權泳臻,KWON YOUNGJIN,1962-12-10,한나라당/국민의힘,서울 노원구을/대구 달서구병,지역구/지역구,"국토교통위원회, 12.29여객기참사진상규명과피해자및유가족의피해구제를위한특별위원회","국토교통위원회, 12.29여객기참사진상규명과피해자및유가족의피해구제를위한특별위원회",재선,남,02-784-3136,kyjtongil@naver.com,https://blog.naver.com/mywaykyj,의원회관 713호,https://www.assembly.go.kr/static/portal/img/openassm/new/3d91cfa36267481a8f860816e419f426.png,<학력> - 고려대학교 대학원 정치학 석&middot;박사 - 고려대학교 영어영문학 학사 - 청구고등학교 졸업 <경력> 현) 제22대 국회 국토교통위원회 간사 현) 제22대 국회 운영위원회 위원 현) 제22대 국회의원 (대구 달서구병) 전) 제13대 대한민국시도지사협의회 회장 전) 제33&middot;34대 대구광역시 시장 전) 제18대 국회의원 (서울 노원구을) 전) 서울특별시 정무부시장
C7E79345,권칠승,權七勝,KWON CHILSEUNG,1965-11-18,더불어민주당/더불어민주당/더불어민주당,경기 화성시병/경기 화성시병/경기 화성시병,지역구/지역구/지역구,행정안전위원회,행정안전위원회,3선,남,02-784-1250,anotherk7@gmail.com,http://blog.naver.com/k7wins,의원회관 325호,https://www.assembly.go.kr/static/portal/img/openassm/new/732a1459c8554b999d8c248d703d8fa2.png,"■ 학력 - 경북고등학교 졸업 - 고려대학교 경제학과 졸업 ■ 주요 약력 (현) 더불어민주당 중소기업특별위원장 (현) 더불어민주당 국가경제자문회의 수석부의장 (전) 독립기념관 비상임이사 (전) 더불어민주당 수석대변인 (전) 법제사법위원회 간사 (전) 제3대 중소벤처기업부 장관 (전) 더불어민주당 수석사무부총장 (전) 더불어민주당 홍보소통위원장 (전) 더불어민주당 원내부대표 (전) 더불어민주당 정책위원회 상임부의장 (전) 경기도의원(제8 &middot; 9대, 예산결산특별위원장) (전) 노무현 대통령비서실 행정관 (전) 김대중 대통령후보 대선기획단 (전) 삼성그룹 (공채28기)"
EFU76868,권향엽,權香葉,KWON HYANGYUP,1968-02-12,더불어민주당,전남 순천시광양시곡성군구례군을,지역구,"산업통상자원중소벤처기업위원회, 12.29여객기참사진상규명과피해자및유가족의피해구제를위한특별위원회","산업통상자원중소벤처기업위원회, 12.29여객기참사진상규명과피해자및유가족의피해구제를위한특별위원회",초선,여,02-784-1270,"ironkwon24@gmail.com (회관), ironregion24@gmail.com (지역)",https://blog.naver.com/khy2955,의원회관 832호,https://www.assembly.go.kr/static/portal/img/openassm/new/e25ff63bda9c446c81919549ba09c6c6.jpg,현) 제22대 국회의원 (전남 순천시&middot;광양시&middot;곡성군&middot;구례군 을 / 더불어민주당) 제22대 국회 전반기 산업통상자원중소벤처기업위원회위원 전) 2020.6.~ 2022.5. 국회부의장 비서실장 2019.5. ~ 2020.1. 대통령비서실 인사수석실 균형인사비서관 2023.02. ~ 2023.12. 더불어민주당 여성리더십센터 소장 2017.8 ~ 2019.5. 더불어민주당 여성국 국장 2016.3.~ 2018.7. 더불어민주당 중앙위원회 중앙위원 2017.2. ~ 2017.8. 더불어민주당 디지털미디어국 국장 2013.6. ~ 2014.10. 민주정책연구원 민주아카데미 실장 1995.10. ~ 2002.7. 새정치국민회의 중앙당 여성국 기획부장
TQP7167T,김건,金建,KIM GUNN,1966-10-10,국민의미래,비례대표,비례대표,외교통일위원회,외교통일위원회,초선,남,02-784-5076,gkim338@naver.com,,의원회관 338,https://www.assembly.go.kr/static/portal/img/openassm/new/6feef8ae3b40491c838984336e5efd6e.jpg,■ 경력 現 제22대 국회의원 (국민의힘/비례대표) 前 외교부 한반도평화교섭본부장 前 주영국대한민국대사관 대사 前 외교부 차관보 前 주밴쿠버대한민국총영사관 총영사 ■ 학력 서울대학교 정치학과 학사 미국 뉴욕주립대학교버펄로대학 대학원 정치학 석사
X1K3667J,김교흥,金敎興,KIM KYOHEUNG,1960-08-30,열린우리당/더불어민주당/더불어민주당,인천광역시 서구강화군갑/인천 서구갑/인천 서구갑,지역구/지역구/지역구,문화체육관광위원회,문화체육관광위원회,3선,남,02-784-1366 / 032-565-0806,kimkh4u@naver.com,,문체위원장실 본청 511호 / 의원회관 720호,https://www.assembly.go.kr/static/portal/img/openassm/new/c2640d735bdc4520ad3838183f97ad54.jpg,"- 22대 전반기(2025) 문화체육관광위원회 위원장 - 17&middot;21&middot;22대 국회의원 - 前 더불어민주당 인천광역시당 위원장 - 제30대 국회사무총장 - 前 정세균 국회의장 비서실장 - 前 인천광역시 정무부시장 - 前 대한체육회 부회장(생활체육) - 前 중소기업연구원 원장 - 前 인천대, 인하대, 가천대 초빙교수 - 86년도 인천대 총학생회장 - 동국대 대학원 정치학 박사과정 수료"
HE08888N,김기웅,金基雄,KIM KIWOONG,1961-09-15,국민의힘,대구 중구남구,지역구,"외교통일위원회, 예산결산특별위원회","외교통일위원회, 예산결산특별위원회",초선,남,02-784-8630(국회) 053-476-9563(지역),assembly0915@naver.com,https://blog.naver.com/assembly0915,의원회관 432호,https://www.assembly.go.kr/static/portal/img/openassm/new/4e032a885456487ebe70f143ef373f92.png,■ 학력 - 서울대학교 외교학과 정치학 학사 - 서울대학교 대학원 외교학과 정치학 석사 ■ 경력 - 現 제22대 국회의원 (대구 중구남구) - 現 제22대 국회 외교통일위원회 위원 - 現 제22대 국회예산결산특별위원회 위원 - 前 통일부 차관 - 前 대통령실 통일비서관 - 前 통일부 남북회담본부장 - 前 통일부 통일정책실장 - 前 통일부 남북협력지구발전기획단장 - 前 외교부 대북정책협력과장 - 前 통일부 정책기획과장
3CC88975,김기표,金起杓,KIM GIPYO,1972-12-07,더불어민주당,경기 부천시을,지역구,법제사법위원회,법제사법위원회,초선,남,02-784-4840,kimgipyo24@naver.com,https://blog.naver.com/bucheon_lawyer,의원회관 324호,https://www.assembly.go.kr/static/portal/img/openassm/new/f7a2f2d87cc04bd4a7e7715119a9dc6e.png,□ 학력 - 서울대학교 법과대학 공법학과 졸업 □ 주요약력 - (현) 제22대 국회 부천시(을) 국회의원(법제사법위원회 위원) - (현) 민주연구원 이사 - (전) 제22대 국회 국토교통위원회 위원 - (전) 부천시 고문변호사 - (전) 청와대 민정수석실 반부패비서관 - (전) 대검찰청 검찰연구관 - (전) 특수전사령부 검찰관&middot;군판사 - 제30기 사법연수원 수료 - 제40회 사법시험 합격
X7I4680R,김기현,金起炫,KIM GIHYEON,1959-02-21,한나라당/한나라당/새누리당/미래통합당/국민의힘,울산 남구을/울산 남구을/울산 남구을/울산 남구을/울산 남구을,지역구/지역구/지역구/지역구/지역구,"외교통일위원회, 2025 아시아태평양경제협력체(APEC) 정상회의 지원 특별위원회","외교통일위원회, 2025 아시아태평양경제협력체(APEC) 정상회의 지원 특별위원회",5선,남,02-784-3874,together.eut@gmail.com,,의원회관 550호,https://www.assembly.go.kr/static/portal/img/openassm/new/57179e16dfac4bfb8ac08d903b93dd39.jpg,"- 부산동고 졸업 - 서울대학교 법학과 졸업 - 서울대학교 대학원 법학과 수료 - 제25회 사법시험 합격 - 제 17, 18, 19, 21, 22대 국회의원 (울산 남구을 / 국민의힘) 현) 2025 아시아태평양경제협력체(APEC) 정상회의 지원 특별위원회 위원장 현) 외교통일위원회 위원 전) 국민의힘 당대표 전) 국민의힘 원내대표 전) 국민의힘 당대표 권한대행 전) 울산광역시장 전) 새누리당 원내수석부대표&middot;정책위의장 전) 대구지법&middot;부산법원 울산지원 판사"
IUX1829H,김남근,金南槿,KIM NAMGEUN,1963-08-26,더불어민주당,서울 성북구을,지역구,"정무위원회, 예산결산특별위원회, 국회운영위원회","정무위원회, 예산결산특별위원회, 국회운영위원회",초선,남,02-784-2470,namgeunkim10@gmail.com,https://blog.naver.com/droith9,의원회관 929호,https://www.assembly.go.kr/static/portal/img/openassm/new/66bc8c4d4026465da6cfed67b0fbfe5e.png,■ 학력 서울대학교 법과대학(법학/학사) 고려대학교 대학원(법학/박사) ■ 주요경력 제22대 더불어민주당 성북(을) 국회의원 더불어민주당 민생원내부대표 (전) 더불어민주당 민생연석회의 공동의장 (전) 고려대학교 법학전문대학원 겸임교수 (전) 참여연대 집행위원장 (전) 민주사회를 위한 변호사모임(민변) 부회장 (전) 법무부 정책위원회 위원 (전) 서울시 경제민주화위원회 위원장 (전) 국토교통부 관행혁신위원회 위원장 (전) 중소기업중앙회 공정경제위원회 공동위원장
NXB3178C,김남희,金南希,KIM NAMHEE,1978-02-22,더불어민주당,경기 광명시을,지역구,"보건복지위원회, 여성가족위원회, 연금개혁 특별위원회","보건복지위원회, 여성가족위원회, 연금개혁 특별위원회",초선,여,02-784-6195,knh@na.go.kr,https://blog.naver.com/kimnamhee2027,의원회관 738호,https://www.assembly.go.kr/static/portal/img/openassm/new/42bdeca2bfe9430781fe748ae694988d.jpg,"(현) 제22대 국회의원(더불어민주당, 경기 광명시을) (현) 더불어민주당 경기 광명시을 지역위원장 (현) 국회 보건복지위원회 위원 (현) 국회 여성가족위원회 위원 (현) 국회 연금개혁특별위원회 위원 (현) 이재명 대통령 직속 국정기획위원회 기획위원 (현) 더불어민주당 연금개혁특별위원회 간사 (현) 더불어민주당 경기도당 여성위원장 (현) 국회 한미의원연맹 감사 (전) 21대 대통령선거 더불어민주당 중앙선대위 정책부본부장 (전) 더불어민주당 원내부대표 (전) 더불어민주당 민생경제회복단 위원 (전) 이재명 당대표 복지특별보좌관 (전) 더불어민주당 사법정의실현 및 검찰독재대책위원회 위원 (전) 더불어민주당 중앙당 선거관리위원회 위원 (전) 더불어민주당 조직강화특별위원회 위원 (전) 더불어민주당 혁신위원회 위원, 대변인 (전) 서울대학교 법학전문대학원 임상부교수 (전) 참여연대 복지조세팀장 (전) 법무법인 태평양 변호사 서울대학교 법학과 학사 제42회 사법시험 합격(사법연수원 32기) 미국 템플대학교 대학원 법학석사(미국변호사) (저서) 사회복지법제와실천 (사회평론아카데미, 2025) (공저) 장애, 시설을 나서다 (진실의힘, 2025) (공저) 젊은 변호사의 고백 (다산북스, 2013) 누군가는 나를 바보라 말하겠지만... (이와우, 2013)"
ANS8383S,김대식,金大植,KIM DAISIK,1962-08-11,국민의힘,부산 사상구,지역구,"교육위원회, 12.29여객기참사진상규명과피해자및유가족의피해구제를위한특별위원회, 예산결산특별위원회","교육위원회, 12.29여객기참사진상규명과피해자및유가족의피해구제를위한특별위원회, 예산결산특별위원회",초선,남,02-784-4195~7,dskimbless@naver.com,https://blog.naver.com/sasang_dskim,의원회관 934호,https://www.assembly.go.kr/static/portal/img/openassm/new/a3a98ad4d2b24e3ba8de8de37631a192.png,□ 경 력 - 現 제22대 국회의원 (부산 사상구/국민의힘) - 現 국민의힘 부산시당 사상구 당협위원장 - 現 국민의힘 국회의원 초선의원 모임 대표 - 前 경남정보대학교 총장 - 前 경남정보대학 일본어학과 교수 - 前 동서대학교 부총장 - 前 동서대학교 일본어학과 교수 - 前 여의도연구원장 (제20대) - 前 국민권익위원회 부위원장 겸 사무처장 (차관급 / 제2대) - 前 민주평화통일자문회의 사무처장 (차관급 / 제15대) - 前 국무총리실 재외동포 정책위원 - 前 제17대 대통령직인수위원회 인수위원 - 前 전국대학교 학생처장협의회 회장 - 前 바른대학교육실천협의회 회장 - 前 대한일어일문학회 회장 - 前 한국일본학연합회 회장 □ 학 력 - 일본 교토 오타니대학 대학원 문학 박사
LH97552Q,김도읍,金度邑,KIM DOEUP,1964-07-06,새누리당/새누리당/미래통합당/국민의힘,부산 북구강서구을/부산 북구강서구을/부산 북구강서구을/부산 강서구,지역구/지역구/지역구/지역구,국토교통위원회,국토교통위원회,4선,남,02-784-1740,ldek3525@naver.com,http://www.kimdoeup.com,의원회관 452호,https://www.assembly.go.kr/static/portal/img/openassm/new/63a47955a6b94df381c8f17c18bc1774.png,"<경력> 2024.08~ 국민의힘 정책위원회 의장 2024.05~ 제22대 국회의원 (부산 강서구/국민의힘) 2024.05~ 제22대 국회 전반기 국토교통위원회 위원 2022.07 제21대 국회 후반기 법제사법위원회 위원장 2020.09~2024.05 제21대 국회의원 (부산 북구강서구을/국민의힘) 2021.11 제20대 대통령선거 국민의힘 윤석열 후보 중앙선거대책위원회 공동선거대책위원장 2021.06 국민의힘 정책위원회 의장 2021.06 제21대 국회 전반기 행정안전위원회 위원 2020.07 제21대 국회 전반기 법제사법위원회 간사 2020.07 제21대 국회 전반기 국회운영위원회 위원 2020.05~2020.09 제21대 국회의원 (부산 북구강서구을/미래통합당) 2020.02~2020.05 제20대 국회의원 (부산 북구강서구을/미래통합당) 2019.08~2019.12 자유한국당 당대표 비서실장 2018.07~2020.05 제20대 국회 후반기 정보위원회 위원 2017.07~2018.06 제20대 국회 전반기 산업통상자원중소벤처기업위원회 위원 2017.06~2018.06 제20대 국회 예산결산특별위원회 간사 2014~2019 아시아송페스티벌 조직위원장 2016.12~2017.07 국회 산업통상자원중소벤처기업위원회 위원 2016.06~2016.12 국회 외교통일위원회 위원 2016.06~2016.12 국회 운영위원회 새누리당 간사 2016.05~2016.12 새누리당 원내수석부대표 2015 국회 서민주거복지특별위원회 위원 2014 국회 예산결산특별위원회 예산안조정소위원 2012 국회 학교폭력대책 특별위원회 위원 2012 새누리당 법률담당 원내부대표 2011 부산광역시 북구다문화지원센터 자문변호사 2011~2012 변호사 김도읍법률사무소 변호사 2010~2011 부산지방검찰청 외사부 부장검사 2006~2009 서울중앙지방검찰청 검사 1993 제35회 사법시험 합격 <학력> 1984.03~1989.02 동아대학교 법학과 1980.03~1983.02 부산동고등학교 <상훈> 2024.10 국회예산정책처 발전 기여 공로패 수상 2024.03 국회의원공약 대상 수상 2023.12 백봉신사상 수상 2022.12 백봉신사상 수상 2022.07 법률소비자연맹 제21대 국회 제2차년도 헌정대상 2021.07 법률소비자연맹 제21대 국회 제1차년도 헌정대상 2020.12 국정감사 NGO 모니터단 국리민복상 2019 대한민국복지문화대상&lsquo;올해의 인물&#39;선정 2019.12 2019 대한민국 모범국회의원대상 2019.12 자유경제입법상 2019.09 2019 자랑스런 대한민국대상 2019.07 2019 국회 헌정대상 2017~2019 법률소비자연맹 총본부 국회의원 헌정대상 2017~2019 국회도서관 이용 최우수 국회의원 2017~2020 JJC지방자치TV 대한민국 의정대상(3회) 2017.03 2016년도 입법 및 정책개발 우수 국회의원 2017.02 국회도서관 이용 최우수 국회의원 2016.12 국정감사 NGO 모니터단 국정감사 우수의원 2016.11 선플재단(전국 청소년 선플 SNS기자단) 선정 국회의원 아름다운 말 선플상 2015.01 부산시민단체(부산시민단체협의회&middot;부산경제살리기시민연대) 선정 지역공헌상 2012~2019 국회 입법 및 정책개발 우수국회의원상(6회) 2012~2015 새누리당 국정감사 우수의원,베스트팀 2012 자랑스러운 동아인상"
MIS62075,김동아,金東我,KIM DONGAH,1987-10-30,더불어민주당,서울 서대문구갑,지역구,산업통상자원중소벤처기업위원회,산업통상자원중소벤처기업위원회,초선,남,02-784-2620,dongah1021@gmail.com,https://www.facebook.com/dongahkim1945,의원회관 1021호,https://www.assembly.go.kr/static/portal/img/openassm/new/2aa44f38f64049829c3acf45b19aba20.png,■학력 건국대학교 법과대학 졸업 ■주요경력 제22대 서울 서대문구갑 국회의원 산업통상자원중소벤처기업위원회 위원 더불어민주당 정책위원회 부의장 더불어민주당 정치검찰 사건조작 특별대책단(TF) 위원 전) 법률사무소 온길 대표 변호 전) 법무법인(유한) 태평양 변호사 전) 민주사회를 위한 변호사모임 회원
86R9476S,김문수,金文洙,KIM MOONSOO,1968-10-01,더불어민주당,전남 순천시광양시곡성군구례군갑,지역구,교육위원회,교육위원회,초선,남,02-784-6471,assemblymoonsu@gmail.com,https://blog.naver.com/88moons,의원회관 540호,https://www.assembly.go.kr/static/portal/img/openassm/new/01cf2f6720564fc99c3de46ac3d1e95b.jpg,*학력 -고려대학교 정치외교학 학사 *주요경력 -제22대 국회의원 (전남 순천시광양시곡성군구례군갑) -제22대 국회 더불어민주당 원내부대표 -더민주전국혁신회의 공동상임대표 -제9대 서울특별시의회 전반기 교육위원회 위원장 -더불어민주당 당대표 특별보좌역 -경기신용보증재단 전략상임이사
3BC6890E,김미애,金美愛,KIM MIAE,1969-10-06,미래통합당/국민의힘,부산 해운대구을/부산 해운대구을,지역구/지역구,"보건복지위원회, 12.29여객기참사진상규명과피해자및유가족의피해구제를위한특별위원회, 연금개혁 특별위원회","보건복지위원회, 12.29여객기참사진상규명과피해자및유가족의피해구제를위한특별위원회, 연금개혁 특별위원회",재선,여,02-784-5680,015miae@naver.com,http://blog.naver.com/015law,의원회관 716호,https://www.assembly.go.kr/static/portal/img/openassm/new/c1a5f2ce1f3c439cbe027e15722925f9.png,동아대학교 법학부 졸업 사법연수원 34기 전) 국민의힘 공약개발본부 행복플러스단 단장 전) 국민의힘 약자와의동행위원회 위원장 전) 국민의힘 비상대책위원회 위원 전) 국민의힘 저출생특별위원회 위원장 전)부산변호사회 수석부회장&middot;인권위원장 전)전국입양가족연대 고문변호사
MLH1404S,김민석,金民錫,KIM MINSEOK,1964-05-29,새정치국민회의/새천년민주당/더불어민주당/더불어민주당,서울특별시 영등포구을/서울특별시 영등포구을/서울 영등포구을/서울 영등포구을,지역구/지역구/지역구/지역구,국방위원회,국방위원회,4선,남,02-784-2390,newkms2030@gmail.com,https://blog.naver.com/newmskim2030,의원회관 506호,https://www.assembly.go.kr/static/portal/img/openassm/new/fee10a80d81d435885696adb29a6eb41.jpg,"○ 학력 - 서울대학교 사회학과 졸업 - 하버드대학교 케네디 정치행정대학원 공공행정학 석사 - 칭화대학교 법학석사 - 뉴저지 주립 럿거스 대학교 뉴어크-로스쿨 법학박사 ○ 약력 現) 제22대 국회의원(영등포구을) 現) 제49대 국무총리 前) 더불어민주당 최고위원 前) 더불어민주당 정책위원회 의장 前) 제21대 국회 전반기 보건복지위원회 위원장 前) 더불어민주당 K-뉴딜위원회 사회적뉴딜분과 위원장 前) 더불어민주당 포용국가비전위원회 위원장 前) 더불어민주당 민주연구원 원장 前) 제19대 문재인 대통령후보 종합상황본부장 前) 민주당(현 더불어민주당) 최고위원 前) 김대중 대통령 총재 비서실장 前) 제15,16,21대 국회의원(영등포구을)"
TCP9838Y,김민전,金玟甸,KIM MEENGEON,1965-05-09,국민의미래,비례대표,비례대표,교육위원회,교육위원회,초선,여,02-784-2601,mgk2224@naver.com,http://blog.naver.com/mgk2224,의원회관 634호,https://www.assembly.go.kr/static/portal/img/openassm/new/d856bf1d1b14476f84af3c07c1ea864e.jpg,"[학력] - 미국 아이오와대학교 대학원 정치학 박사 - 서울대학교 대학원 정치학 석사 - 서울대학교 외교학 학사 - 부산 사직여중, 부산 중앙여고 졸업 [경력] (현) 국회 교육위원회 위원 (전) 국민의힘 최고위원 (전) 국민의힘 수석대변인 (전) 대통령직속 국민통합위원회 정치지역분과위원장 (전) 제20대 대통령직속인수위원회 국민통합위원회 정치분과위원 (전) 제20대 대통령선거 국민의힘 선거대책위원회 공동선대위원장 (전) 경희대학교 후마니타스 칼리지 교수 (전) 국회입법조사처 자문위원 (전) 중앙선거관리위원회 자문위원 (전) 한국의회발전연구회 이사 (전) 한국평론학회 이사 (전) 한국정당학회 부회장 (전) 범국민정치개혁협의회 위원 (전) 국회사무처 연수국 교수 (전) 국회사무처 법제예산실 정책조사관"
8Q88373R,김병기,金炳基,KIM BYUNGKEE,1961-07-10,더불어민주당/더불어민주당/더불어민주당,서울 동작구갑/서울 동작구갑/서울 동작구갑,지역구/지역구/지역구,"정보위원회, 국회운영위원회, 국방위원회","정보위원회, 국회운영위원회, 국방위원회",3선,남,02-784-1322,the.kim.weapon@gmail.com,http://blog.naver.com/kim-weapon,의원회관 920호,https://www.assembly.go.kr/static/portal/img/openassm/new/cbfebf9f86b047648b600a3879b7cfd2.png,"건국대학교 안보재난관리학과 국가안보전략 전공(정책학 석사) 경희대학교 국민윤리학과 졸업 중동고등학교 졸업 2024.06.13~ 더불어민주당 원내대표 2016.05. ~ 제20&middot;21&middot;22대 국회의원(서울 동작구갑/더불어민주당) 제22대 국회 운영위원회 위원장(현) 제22대 국회 국방위원회, 정보위원회 위원(현) 제20&middot;21&middot;22대 국회 정보위원회 간사(전) 제20대 국회 국방위원회 위원(전) 제21대 국회 후반기 국토교통위원회 위원(전) 2024.08.~ 더불어민주당 인재위원회 수석부위원장 2024.04. 더불어민주당 22대 국회의원 공직선거후보자추천관리위원회 간사 2023.11. 더불어민주당 22대 국회의원 선거 후보자 검증위원장 2023.11. 더불어민주당 22대 총선기획단 위원 2022.09. 더불어민주당 수석사무부총장 2021.11. 제20대 대통령선거 더불어민주당 이재명 후보 선대위 현안대응 TF 단장 2020.01. 더불어민주당 당대표 특보단장 2018.11. 서울 서남권 민관협의체 의장"
GF286398,김병주,金柄周,KIM BYUNGJOO,1962-02-07,더불어시민당/더불어민주당,비례대표/경기 남양주시을,비례대표/지역구,"국방위원회, 순직 해병 수사 방해 및 사건 은폐 등의 진실규명을 위한 국정조사특별위원회, 윤석열정부의비상계엄선포를통한내란혐의진상규명국정조사특별위원회","국방위원회, 순직 해병 수사 방해 및 사건 은폐 등의 진실규명을 위한 국정조사특별위원회, 윤석열정부의비상계엄선포를통한내란혐의진상규명국정조사특별위원회",재선,남,02-784-4177,kimbyungjoo62@gmail.com,https://bit.ly/3jeADHA,의원회관 447호,https://www.assembly.go.kr/static/portal/img/openassm/new/2863494ebe84423d91ae48f2fb84b94e.png,[ 경력 ] ▶ 제21대(비례)ㆍ22대(경기 남양주시을) 국회의원 ▶ 현) 더불어민주당 최고위원 ▶ 현) 더불어민주당 윤석열정부 독도지우기 진상조사 특별위원장 ㆍ전) 한미연합군사령부 부사령관 (육군대장) ㆍ전) 육군 제3군단장 ㆍ전) 육군 미사일사령관 ㆍ전) 육군 제30기계화보병사단장 ㆍ전) 육군 제2포병여단장 ㆍ전) 국회 국방위원회 간사 ㆍ전) 국회 윤석열정부 내란 혐의 진상규명 국정조사 특별위원회 위원 ㆍ전) 더불어민주당 대변인(국방ㆍ안보) ㆍ전) 더불어민주당 원내부대표 ㆍ전) 더불어민주당 정책위원회 상임부의장 ㆍ전) 더불어민주당 한반도위기관리TF 단장 ㆍ전) 더불어민주당 국방안보특별위원장 [ 학력 ] ▶ 경기대학교 국제정치학 박사 ▶ 전남대학교 경영학 석사 ▶ 육군사관학교 40기 졸업 ▶ 강릉고등학교 졸업 [ 수상내역 ] ㆍ보국훈장 통일장 ㆍ미국 수훈장(Legion of Merit) ㆍ대한불교조계종 불자대상 ㆍ보국훈장 천수장 ㆍ대통령 표창 ㆍ미국 근무공로훈장 (Meritorious Service Medal)
VDN5593C,김상욱,金相旭,KIM SANGWOOK,1980-01-01,국민의힘,울산 남구갑,지역구,"예산결산특별위원회, 외교통일위원회, 12.29여객기참사진상규명과피해자및유가족의피해구제를위한특별위원회","예산결산특별위원회, 외교통일위원회, 12.29여객기참사진상규명과피해자및유가족의피해구제를위한특별위원회",초선,남,02-784-5705,kimsangwook80@naver.com,https://blog.naver.com/kimsangwook80,의원회관 544호,https://www.assembly.go.kr/static/portal/img/openassm/new/9f4c19508e9b4954a9e69af09737b00c.jpg,"前 국회 여성가족위원회 간사 前 법무법인 더정성 대표변호사 前 한국노총 울산본부 자문변호사 前 울산남구청, 울주군청 자문변호사 前 울산 남부서, 울주서, 중부서, 동부서 직협자문변호사"
1Y73132H,김상훈,金相勳,KIM SANGHOON,1963-01-25,새누리당/새누리당/미래통합당/국민의힘,대구 서구/대구 서구/대구 서구/대구 서구,지역구/지역구/지역구/지역구,정무위원회,정무위원회,4선,남,02-784-2310,kshdg11@gmail.com,http://kimsh.or.kr,의원회관 944호,https://www.assembly.go.kr/static/portal/img/openassm/new/3c232b2892bb448f8d66df3661218621.jpg,대구대건고 졸 영남대학교 법학과 졸 미국 오리건대학교 대학원 행정학 졸 제 33회 행정고시 대구시 일본파견주재관 대구시 경제통상국 국장 국회 한&middot;중정치경제포럼 연구책임의원 국회 산업통상자원위원회 위원 새누리당 원내부대표 국회 정부 및 공공기관 등의 해외자원개발 진상규명을 위한 국정조사특별위원회 위원 국회 정치개혁특별위원회 위원 새누리당 정책위원회 수석부의장 국회 보건복지위원회 간사 가습기살균제 사고 진상규명과 피해구제 및 재발방지를 위한 국정조사특별위원회 간사 자유한국당 대구시당 위원장 자유한국당 지방자치발전특별위원회 부위원장 국회 국토교통위원회 위원 국민의힘 중앙선거대책위원회 직능총괄본부장
ZYP7962W,김석기,金碩基,KIM SEOKKI,1954-08-06,새누리당/미래통합당/국민의힘,경북 경주시/경북 경주시/경북 경주시,지역구/지역구/지역구,외교통일위원회,외교통일위원회,3선,남,02-784-4170,7882576kj@hanmail.net,http://blog.naver.com/podoriksk,의원회관 1010호,https://www.assembly.go.kr/static/portal/img/openassm/new/e5a17e900d0e433bb13e351466729064.jpg,"◆학력 &middot;계림초등학교 졸업 &middot;경주중학교 졸업 &middot;대륜고등학교 졸업 &middot;영남대학교 행정학과 졸업 &middot;동국대학교 행정대학원 석사 졸업 &middot;용인대학교 정치학 명예박사 ◆경력 &middot;국민의힘 최고위원(전) &middot;국회 한일의원연맹 부회장(현) &middot;국민의힘 재외동포위원장(현) &middot;제21대 국회 외교통일위원회 위원(현) &middot;제20 &middot; 21대 국회의원(현) &middot;제21대 국회 외교통일위원회 간사(전) &middot;국민의힘 비상대책위원회 사무총장(전) &middot;국민의힘 선거관리위원회 부위원장(전) &middot;국민의힘 제4정책조정위원회 위원장(현) &middot;국회 한일의원연맹 간사장(전) &middot;국민의힘 조직부총장(전) &middot;제20대 국회 예산결산특별위원회 위원(전) &middot;제20대 국회 국토교통위원회 위원(전) &middot;국회 한일의원연맹 상임간사(전) &middot;미래통합당 지방자치위원회 위원장(전) &middot;자유한국당 비상대책위원회 전략기획부총장(전) &middot;자유한국당 경북도당 위원장(전) &middot;자유한국당 정책위원회 부의장(전) &middot;자유한국당 국가안보특별위원회 부위원장(전) &middot;자유한국당 경북도당 윤리위원장(전) &middot;자유한국당 중앙연수원장(전) &middot;자유한국당 경북도당 수석부위원장(전) &middot;한국공항공사 사장(전) &middot;주 오사카 총영사관 총영사(전) &middot;서울지방경찰청 청장(전) &middot;경북,대구지방경찰청 청장(전)"
JNL7001A,김선교,金善敎,KIM SUNGYO,1960-09-18,미래통합당/국민의힘,경기 여주시양평군/경기 여주시양평군,지역구/지역구,농림축산식품해양수산위원회,농림축산식품해양수산위원회,재선,남,02-784-2491,kimsg5358@naver.com,,의원회관 916호,https://www.assembly.go.kr/static/portal/img/openassm/new/c46ff6eaebc3441393b42d4e36d7a8c6.jpg,제21대 국회의원(경기 여주시양평군/국민의힘) 제21대 국회 전반기 농림축산식품해양수산위원회 위원 국민의힘 경기도당위원장 한국-자메이카 의원친선협회 회장 한미의원연맹 회원 한일의원연맹 회원 전)경기도 양평군수(3선) 전)전국청년시장군수구청장협의회 회장 전)경기도동부권시장군수협의회 회장
7GW5372Y,김선민,金宣旼,KIM SUNMIN,1964-05-24,조국혁신당,비례대표,비례대표,보건복지위원회,보건복지위원회,초선,여,02-784-4591,22.ksunmin@gmail.com,https://blog.naver.com/sunmean,의원회관 551호,https://www.assembly.go.kr/static/portal/img/openassm/new/ae483328582e4add9e57312dfdd896a0.jpg,"- 현) 조국혁신당 당대표 권한대행 - 현) 제22대 국회의원 - 현) 국회 보건복지위원회 위원 - 현) 국회 여성가족위원회 위원 - 근로복지공단 태백병원 직업환경의학과장 - 제10대 건강보험심사평가원 원장 - 건강보험심사평가원 기획이사 - 세계보건기구 WHO 수석기술관 - 건강보험심사평가원 상근평가위원 - 국가인권위원회 설립준비기획단원, 사무처준비단원, 인권연구담당관 - 한국보건산업진흥원 수석연구원 - 한림대학교 의과대학 조교수 - 서울대학교병원 가정의학과 전공의 - 서울대학교 의과대학 예방의학교실 전공의 - 서울대학교병원 인턴 - 정의여자고등학교 (졸업)"
9D939735,김성원,金成願,KIM SUNGWON,1973-10-15,새누리당/미래통합당/국민의힘,경기 동두천시연천군/경기 동두천시연천군/경기 동두천시양주시연천구을,지역구/지역구/지역구,산업통상자원중소벤처기업위원회,산업통상자원중소벤처기업위원회,3선,남,02-784-6566,kimsw910@naver.com,https://blog.naver.com/v0413ksw,의원회관 910호,https://www.assembly.go.kr/static/portal/img/openassm/new/0883fdfd169248c19f2311f26e1c2577.jpg,- 학력 - 고려대학교 대학원 공학박사 - 경력 - 제 20 &middot; 21 &middot; 22대 국회의원 (경기 동두천시양주시연천군을/국민의힘) 국회 산업통상자원중소벤처기업 위원(현) 국회 한&middot;필리핀 의원친선협회 회장(현) 국회 한중의원연맹 수석부회장(현) 여의도연구원장 국민의힘 원내수석부대표 국민의힘 경기도당위원장 국민의힘 중앙위원회 수석부의장 국회 산업통상자원중소벤처기업 간사 국회 예산결산특별위원회 간사 국회 운영위원회 간사 국회 윤리위원회 간사 국회 정무위원회 위원 국회 환경노동위원회 위원 국회 여성가족위원회 위원 국회 정치개혁특별위원회 위원 국회 첨단전략산업특별위원회 위원 국회 남북경협특별위원회 위원 국회 남북관계개선특별위원회 위원 국회 가습기살균제 사고 진상규명과 피해규제 및 재발방지 대책마련을 위한 국정조사특별위원회 위원 국민의힘 격차해소특별위원회 부위원장 국민의힘 과학기술특별위원회 위원 국민의힘 문화유산진흥특별위원회 경기인천위원장 국민의힘 국민통합위원회 부위원장 미래통합당 대변인 미래통합당 통일위원회 위원장 미래통합당 경기도당 수석 부위원장 자유한국당 경기도당 조직본부 북부권 본부장 자유한국당 신정치혁신특별위원회 위원 자유한국당 소상공인살리기경제특별위원회 위원 자유한국당 2020 경제대전환위원회 위원 자유한국당 디지털정당위원회 부위원장 자유한국당 조직부총장 자유한국당 원내대변인 자유한국당 청년소통특별위원회 위원장 자유한국당 조직강화특별위원회 위원 자유한국당 경기도당 윤리위원회 위원장 새누리당 원내부대표 고려대학교 연구교수
XSP20229,김성환,金星煥,KIM SUNGWHAN,1965-10-15,더불어민주당/더불어민주당/더불어민주당,서울 노원구병/서울 노원구병/서울 노원구을,지역구/지역구/지역구,산업통상자원중소벤처기업위원회,산업통상자원중소벤처기업위원회,3선,남,02-784-6271,kimnowongu@gmail.com,https://blog.naver.com/human-nowon,의원회관 504호,https://www.assembly.go.kr/static/portal/img/openassm/new/6785f4855ad44486979a01c25c6939ca.jpg,1995.07 ~ 1998.07 노원구의원 1998.07 ~ 2002.06 서울시의원 2003.04 ~ 2006.08 노무현대통령 청와대 정책실 행정관 2006.08 ~ 2007.09 노무현대통령 청와대 정책조정비서관 2008.09 ~ 2010.02 한국미래발전연구원 기획실장 2010.07 ~ 2014.06 민선5기 노원구청장 2014.07 ~ 2018.02 민선6기 노원구청장 2018.06 ~ 2020.05 20대 국회의원 2020.05 ~ 2024.05 21대 국회의원
88O1334C,김성회,金城會,KIM SUNGHOI,1972-11-20,더불어민주당,경기 고양시갑,지역구,"행정안전위원회, 순직 해병 수사 방해 및 사건 은폐 등의 진실규명을 위한 국정조사특별위원회, 예산결산특별위원회, 기후위기 특별위원회","행정안전위원회, 순직 해병 수사 방해 및 사건 은폐 등의 진실규명을 위한 국정조사특별위원회, 예산결산특별위원회, 기후위기 특별위원회",초선,남,02-784-3870,kshoi72@naver.com,https://blog.naver.com/kshoi72,의원회관 715호,https://www.assembly.go.kr/static/portal/img/openassm/new/b263e390ed2a4a4ea6e789d7447c6093.jpg,서울 출생 경기고등학교 졸업 고려대학교 이과대학 지구환경과학과 졸업 제22대 국회의원 (경기 고양갑) 기후위기특별위원회 위원 더불어민주당 게임특별위원회 위원장 더불어민주당 세계한인민주회의 부의장 더불어민주당 대변인(전) 더불어민주당 원내부대표 (전) 더불어민주당 헌법개정특별위원회 위원 (전) 제28대 고려대학교 총학생회 부회장(전)
1SR94244,김소희,金素熙,KIM SOHEE,1973-09-16,국민의미래,비례대표,비례대표,"환경노동위원회, 기후위기 특별위원회","환경노동위원회, 기후위기 특별위원회",초선,여,02-784-2374,shkay73@naver.com,,의원회관 435호,https://www.assembly.go.kr/static/portal/img/openassm/new/83b1ec78867e41e39d20d41d3a796f83.png,ㅇ학력사항 - 서울대학교 농생명과학대학원 경제학 박사 수료 - 영국 소아스런던대학교 개발학 석사 - 덕성여자대학교 인문과학대학 영어영문학 학사 ㅇ주요경력 -&nbsp;現) 여의도연구원 부원장 -&nbsp;現) 국민의힘 노동전환특별위원회 위원 -&nbsp;現) 국민의힘 격차해소특별위원회 간사 -&nbsp;現) 제22대 국회 환경노동위원회 위원 -&nbsp;現) 국민의힘 기후위기대응특별위원회 간사 -&nbsp;現) 국민의힘 에너지특별위원회 위원 -&nbsp;現) 국민의힘 원내부대표 - 現)&nbsp;사단법인 한국신재생에너지학회 부회장 - 前) 재단법인 기후변화센터 사무총장 - 前) 대통령 직속 2050탄소중립녹색성장위원회 위원 -&nbsp;前) 대통령 직속 국가균형발전위원회 정책사업 평가위원 - 前) 외교부 장관 정책자문위원 - 前) 산업통상자원부 에너지위원회 위원
5K93695T,김승수,金承洙,KIM SEUNGSU,1965-07-05,미래통합당/국민의힘,대구 북구을/대구 북구을,지역구/지역구,문화체육관광위원회,문화체육관광위원회,재선,남,02-784-9518,kiminnotank@naver.com,https://blog.naver.com/kiminnotank,의원회관 710호,https://www.assembly.go.kr/static/portal/img/openassm/new/ed6fa85a063842c59f5cfc4cca90eafb.jpg,[학력] 영신고등학교 졸업 영남대학교 행정학과 학사 美 North Carolina State University (행정학 석사/2002 가을학기~2004 봄학기) [경력] 2025.02 ~ 제22대 국회 한국-과테말라 의원친선협회 회장 2025.01 ~ 제22대 국회 운영위원회 위원 2024.11 ~ 국민의힘 AI 3대강국 도약 특별위원회 콘텐츠분야 소위원장 2024.06 ~ 제22대 국회 문화체육관광위원회 위원 2024.05 ~ 제22대 국회의원(대구 북구을/국민의힘) 2023.06 ~ 국민의힘 약자와의동행위원회 교육문화분과위원장 2023.06 국회 대법관 인사청문특별위원회 위원 2022.12 ~ 2024.05 국민의힘 인구위기특별위원회 위원 2022.01 국민의힘 3.9 재보궐선거 공천관리위원회 위원 2021.12 제20대 대통령선거 국민의힘 윤석열 후보 중앙선거대책위원회 정부혁신정책추진본부장 2021 국회 예산결산특별위원회 위원 2021.09 ~ 제2대 국회 전반기 문화체육관광위원회 간사 2020.10 ~ 국민의힘 제6정책조정위원회 부위원장 2020.05 ~ 국민의힘 원내부대표 2020.05 ~ 제 21대 국회의원 (대구 북구을/국민의힘) (현) 2018.08 ~ 2019.12 자치분권위원회 기획단장 2015.11 ~ 2018.08 대구광역시 행정부시장 2014.11 ~ 2015.11 행정자치부 창조정부기획관 2013.04 ~ 2014.10 경상북도 기획조정실장 2011.02 ~ 2013.03 청와대 기획비서관실 선임행정관 2008.07 ~ 2010.12 주영한국대사관 행안관(참사관) 2007.08 ~ 2008.02 행정자치부 자치행정팀장(3급) 2006.02 ~ 2007.08 행정자치부 지방혁신관리팀 팀장 1988 제 32회 행정고시 합격 (만 23세)
ATB59635,김승원,金勝源,KIM SEUNGWON,1969-07-08,더불어민주당/더불어민주당,경기 수원시갑/경기 수원시갑,지역구/지역구,"정무위원회, 예산결산특별위원회","정무위원회, 예산결산특별위원회",재선,남,02-784-5285,swkimsuwon@gmail.com,http://blog.naver.com/sw_with_suwon,의원회관 928호,https://www.assembly.go.kr/static/portal/img/openassm/new/06249610045b4c5487f9586046460423.jpg,"■ 학력 - 수성고등학교 제31회 졸업 - 서울대학교 법과대학 공법학과 88학번 ■ 주요 경력 - 제21,22대 국회의원(더불어민주당, 경기 수원시갑) - 국회 정무위원회 위원 - 더불어민주당 경기도당위원장 - 전)국회 법제사법위원회 더불어민주당 간사 - 전)더불어민주당 법률위원회 위원장 - 전)더불어민주당 경기도당 부위원장 겸 기율위원장 - 전)더불어민주당 수원시갑지역위원회 지역위원장 - 전) 대통령비서실 정무수석실 행정관 - 전) 법무법인 호민 대표변호사 - 전) 대통령직속 국가균형발전위원회 국민소통 특별위원 - 전) 국가권익위원회 법해석 전문위원 - 전) 경기도 인사소청위원 - 전) 경기도 행정심판위원 - 전) 경기남부경찰청 인권위원장 - 전) 중부지방국세청 자문변호사 - 전) 법무법인 오늘 대표변호사 - 전) 전주&middot;수원지방법원 판사 - 전) 육군 군법무관 - 사법연수원 수료(제28기)"
B7D7534L,김영배,金永培,KIM YOUNGBAE,1967-03-08,더불어민주당/더불어민주당,서울 성북구갑/서울 성북구갑,지역구/지역구,"외교통일위원회, 국회운영위원회","외교통일위원회, 국회운영위원회",재선,남,02-784-1521,yb7841521@gmail.com,https://blog.naver.com/clubyb,의원회관 627호,https://www.assembly.go.kr/static/portal/img/openassm/new/c0f3221352c04fc1bb9b67d8342c75ff.jpg,"■ 학력 -고려대학교 대학원 정치외교학 박사수료 -시라큐스대학교 맥스웰행정대학원 행정학 석사 -고려대학교 정책대학원 도시및지방행정 석사 -고려대학교 정치외교학과 졸 ■ 주요경력 -더불어민주당 최고위원 -더불어민주당 당대표 정무실장 -더불어민주당 원내부대표 -대통령직속 국가균형발전위원회 전략기획위원장 -문재인 정부 청와대 정책조정/민정비서관 -민선 5기,6기 성북구청장 -전국자치분권개헌추진본부 상임대표 -한국인권도시협의회 초대회장 -유니세프 아동친화도시추진 지방정부협의회 초대회장(1,2기) -전국사회연대경제 지방정부협의회 회장 -노무현 정부 청와대 정책기획위/행사기획 비서관 ■ 저서 -정치의 반전을 꿈꾸다. 공저 (2019.12) -마을민주주의시대 마을공화국 (2018.06) -작은민주주의 사람의 마을 (2014.02) -동네안에 국가있다 (2013.04) -작은민주주의 친환경무상급식.공저 (2011.02) -님은 갔지만 보내지 아니하였습니다. 공저 (2010.03)"
5765663F,김영진,金榮鎭,KIM YOUNGJIN,1967-09-10,더불어민주당/더불어민주당/더불어민주당,경기 수원시병/경기 수원시병/경기 수원시병,지역구/지역구/지역구,"기획재정위원회, 정보위원회","기획재정위원회, 정보위원회",3선,남,02-784-8410,youngjink840@naver.com,,의원회관 901호,https://www.assembly.go.kr/static/portal/img/openassm/new/4a532fc2b0bf46fd81d7d51ea73c61be.jpg,- 1967. 충남 예산 출생 - 1992. 중앙대학교 경영학과 졸업 - 2015. 더불어민주당 수원시병 지역위원장 - 2016. 제20대 국회의원 (경기 수원시병/더불어민주당) - 2017. 더불어민주당 전략기획위원장 - 2019. 더불어민주당 민주연구원 부원장 - 2020. 제21대 국회의원(경기 수원시병/더불어민주당) - 2024. 제22대 국회의원(경기 수원시병/더불어민주당) - (전) 더불어민주당 사무총장 - (전) 더불어민주당 원내수석부대표 - (전) 더불어민주당 정무실장 - (전) 국회 운영위원회 간사 - (전) 국회 농림수산식품해양수산위원회 위원 - (전) 국회 기획재정위원회 간사 - (전) 국회 환경노동위원회 간사 - (전) 국회 예산결산특별위원회 위원 - (현) 국회 기획재정위원회 위원 - (현) 국회정보위원회 위원
7BM2933Y,김영호,金映豪,KIM YOUNGHO,1967-09-13,더불어민주당/더불어민주당/더불어민주당,서울 서대문구을/서울 서대문구을/서울 서대문구을,지역구/지역구/지역구,교육위원회,교육위원회,3선,남,02-784-4020~2,kim-youngho@naver.com,https://blog.naver.com/frencisco,의원회관 404호,https://www.assembly.go.kr/static/portal/img/openassm/new/3567968cbf624c2a93cc299e39bee78f.png,[학 력] 북경대학교 졸업(국제학 학사) 서강대학교 졸업(중국학 석사) [경 력] (현) 서울 서대문을 국회의원(제20대&middot;21대&middot;22대) (현) 국회 교육위원회 위원장 (현) 더불어민주당 서대문을 지역위원장 (현) 더불어민주당 더좋은미래 정회원 (현) 국회의원연구단체 &#39;한반도 중심평화네트워크&#39; 대표의원 (현) 국회의원연구단체 &lsquo;일치를 위한 정치포럼&rsquo; 정회원 (현) 국회의원연구단체 &#39;대전환시대 성장포럼&#39; 준회원 (현) 한국아동&middot;인구&middot;환경의원연맹(CPE) 정회원 (현) &lsquo;사단법인 돌바내&rsquo; 정회원 (전) 한-호주 의원친선협회 부회장 (전) 한-아르헨티나 의원친선협회 이사 (전) 한-모잠비크 의원친선협회 이사 (현) 사)세이프키즈코리아 고문 (현) 사)운암김성숙선생기념사업회 이사 (현) 사)민주화추진협의회 부이사장 (현) 사)몽양여운형선생기념사업회 이사 (현) 최운산기념사업회 이사장 (전) 더불어민주당 서울특별시당 위원장 (전) 국회 외교통일위원회 간사 (전) 국회 행정안전위원회 위원 (전) 국회 운영위원회 위원 (전) 국회 예산결산특별위원회 위원 (전) 국회 윤리특별위원회 위원 (전) 국회 공공부문 채용비리 의혹 국정조사특별위원회 위원 (전) 국회 재난안전대책특별위원회 간사 (전) 국회의원연구단체 &lsquo;통일을넘어유라시아로&rsquo; 정회원 (전) 국회의원연구단체 &lsquo;미래경제연구회&rsquo; 준회원 (전) 국회 포스트코로나 내외포럼 회원 (전) 더불어민주당 당대표비서실장 (전) 더불어민주당 제2사무부총장 (전) 더불어민주당 원내부대표 (전) 더불어민주당 제2정조위원장 (전) 더불어민주당 정책위원회 상임부의장 (전) 더불어민주당 세계한인민주회의 부의장 (전) 더불어민주당 재해대책특별위원회 위원장 (전) 더불어민주당 사드대책위원회 간사 (전) 더불어민주당 을지로위원회 위원 (전) 더불어민주당 서민주거TF 위원 (전) 더불어민주당 포항지열발전소&middot;지진대책특별위원회 위원 (전) 더불어민주당 원자력안전대책특별위원회 위원 (전) 더불어민주당 제7정조위원장 (전) 한-파키스탄 의원친선협회 부회장 (전) 한-덴마크 의원친선협회 이사 (전) 한-중 의원외교협의회 회원 (전) 한중청년지도자포럼 대표위원 (전) 스포츠투데이 기자 (전) 사)국제교류연맹 이사
8O34202I,김영환,金永煥,KIM YOUNGWHAN,1971-07-07,더불어민주당,경기 고양시정,지역구,기획재정위원회,기획재정위원회,초선,남,02-784-8731,saseyoung@naver.com,https://blog.naver.com/saseyoung,의원회관 740호,https://www.assembly.go.kr/static/portal/img/openassm/new/8d40913b87064f63bc8f988579103d76.png,[학력] - 한국항공대학교 대학원 정보통신공학 박사수료 - 아이오와주립 대학원 경제학 석사 - 고려대학교 사회학 학사 [주요 경력] - 현) 더불어민주당 고양시정 지역위원장 - 현) (사)기본사회 고양시(정) 상임대표 - 전) 더불어민주당 정책위원회 부의장 - 전) 이재명 경기도지사 인수위 기획재정분과 부위원장 - 전) 문재인정부 국정기획자문위원회(인수위) 전문위원 - 전) 경기도의회 더불어민주당 정책위원장 - 전) 제9대 경기도의회 의원 - 전) 경기도의회 민주통합당 대변인 - 전) 제8대 경기도의회 의원
CNZ51556,김예지,金睿智,KIM YEAJI,1980-12-13,미래한국당/국민의미래,비례대표/비례대표,비례대표/비례대표,보건복지위원회,보건복지위원회,재선,여,02-784-9515,yeajijoy@gmail.com,,의원회관 601호,https://www.assembly.go.kr/static/portal/img/openassm/new/61dedb2de45941fcb00c98ab36eedaac.jpg,"[학 력] 1987.3 ～ 1999.2 국립서울맹학교 (초,중,고) 2000.3 ～ 2004.2 숙명여자대학교 학사 (피아노) 2004.3 ～ 2007.2 숙명여자대학교 교육대학원 석사 (음악교육) 2007.9 ～ 2009.5 존스홉킨스대학교 피바디 음악원 대학원 석사 2010.9 ～ 2014.5 위스콘신대학교 매디슨캠퍼스 대학원 박사 [경 력] 2024.07 ～ (現) 제22대 국회 전반기 보건복지위원회 위원 2025.03 ～ (現) 한-일의원연맹 정회원 2025.02 ～ (現) 국회 재난안전정책포럼 정회원 2024.06 ～ (現) 국회 동물복지국회포럼 정회원 2024.06 ～ (現) 약자의눈 연구책임의원 2020.09 ～ (現) 국민의힘 호남동행국회의원 (광주광역시) 2020.05 ～ 2024.04. 제21대 국회 문화체육관광위원회 위원 2023.12 ～ 2024.04. 국민의힘 비상대책위원 2023.10 ～ 2023.12. 국민의힘 최고위원 2020.12 ～ 2024.04. 국민의힘 장애인위원회 고문 2020.10 ～ 2024.04. 국민의힘 약자와의동행위원회 입법동행분과 위원 2020.06 ～ 2024.04. 국민의힘 저출생대책특별위원회 위원 2020.03 ～ 2020.04. 미래한국당 선거대책위원회 대변인 2019.04 ～ 2020.12. 한국장애예술인협회 이사 2019.03 ～ 2020.02. 숙명여대 문화예술대학원 피아노교수학전공 초빙대우 교수 2018.02 ～ 2020.05. 우리동작장애인자립생활센터 운영위원 2016.01 ～ 2020.02. 하트시각장애인 체임버오케스트라 단원 2015.03 ～ 2019.02. 숙명여대 피아노 실기강사 2015.01 ～ 2020.02. 유니온 앙상블 예술감독 [수 상] 2024. 머니투데이 the300 2024 국정감사 스코어보드대상 2024. 한국유권자총연맹 국정감사 최우수 국회의원 대상 2023. 한국장애인권상 공로상 2023. 국민의힘 국민과 함께하는 필리버스터 우수의원 2023. 한국장애인권포럼 국회 장애인정책 의정활동 우수의원 2023. 교통문화 의정대상 2023. 법률소비자연맹 선정 대한민국 헌정대상 2023. 제1회 대한민국 정치지도자상(보좌진단이 선정한 매너 있는 국회의원) 2023. 대한장애인체육회 장애인체육발전 감사패 수상 2023. 국정감사 NGO모니터단 국리민복상 2022. 한국장애인연맹 공로패 수상 2022. 상반기 참 괜찮은 의원상 2022. 법률소비자연맹 대한민국 헌정대상 2022. 한국사회복지사협회 제21대 국회 전반기 사회복지의정대상 2022. 제9회 국회를 빛낸 바른 정치언어상 바른언어상 2022. 국회의장 공로패 수상 2022. 대한민국예술문화대상 특별 공로상 2021. 한국장애인인권포럼 국회 장애인 정책 우수의원 2020. 제8회 국회의원 아름다운 말 선플상 수상 2020. 국민의힘 2020 국정감사 우수의원 2020. 쿠키뉴스 2020 국정감사 우수의원"
NB64509Z,김용만,金容萬,KIM YONGMAN,1986-08-14,더불어민주당,경기 하남시을,지역구,"정무위원회, 예산결산특별위원회","정무위원회, 예산결산특별위원회",초선,남,02-784-2634,ymk0814@naver.com,https://cafe.naver.com/ymk19190301,의원회관 815호,https://www.assembly.go.kr/static/portal/img/openassm/new/06d58e54e7724b3a81f1a82eff0a40af.png,제22대 국회 전반기 정무위원회 위원 제22대 국회 전반기 여성가족위원회 위원 전) 더불어민주당 원내부대표 제21대 대통령선거 더불어민주당 이재명 후보 선거대책위원회 2수행실장 현) (사)대한민국임시정부기념사업회 이사 대한민국 공군장교 전역 美 조지워싱턴대학교 정치학과 학사 졸업 백범 김구 증손
OFE45081,김용민,金容民,KIM YONGMIN,1976-06-05,더불어민주당/더불어민주당,경기 남양주시병/경기 남양주시병,지역구/지역구,법제사법위원회,법제사법위원회,재선,남,02-784-1530,fopeopler76@gmail.com,http://blog.naver.com/fopeopler,의원회관 922호,https://www.assembly.go.kr/static/portal/img/openassm/new/e8f8918e741b4ae9b72377d8ec299645.png,○경력 - (현) 제22대 국회의원 (경기 남양주시병) - (현) 법제사법위원회 위원 - (전) 산업통상자원중소벤처기업위원회 위원 - (전) 법무법인 양재 대표 변호사 - (전) 법무부 2기 법무검찰개혁위원회 - (전) 법무부 검찰과거사위원회 - (전) 대검찰청 검찰개혁위원회 - (전) 민변 사무차장 ○학력 - 한양대 법학과 졸업 - 한국과학기술원(KAIST) 문술미래대학원 공학석사.
EPI69383,김용태,金龍泰,KIM YONGTAE,1990-10-21,국민의힘,경기 포천시가평군,지역구,"교육위원회, 기후위기 특별위원회, 연금개혁 특별위원회","교육위원회, 기후위기 특별위원회, 연금개혁 특별위원회",초선,남,02-784-3285,official_yt@naver.com,,의원회관 334호,https://www.assembly.go.kr/static/portal/img/openassm/new/ef99cb0a6cee471bb9769a46bc62c459.jpg,[학력] 포천 운담초등학교 잠신중학교 잠신고등학교 광운대학교 환경공학과 학사 고려대학교 그린스쿨대학원 에너지환경정책 석사 [경력] 현) 제22대 국회의원(포천시&middot;가평군) 현) 국민의힘 비상대책위원 현) 국민의힘 정책위원회 기후대응특별위원 전) 국민의 힘 청년최고위원 전) 국민의 힘 중앙청년위원회 위원장 전) 제20대 대통령직인수위원회 경제 2분과위원회 자문위원 전) 국민의힘 선거대책본부 경기도 공동선대위원장 전) 고려대학교 산학협력단 에너지기술공동연구소 보조연구원 전) 고려대학교 산학협력단 그린스쿨 융합연구정책센터 보조연구원
3UI95829,김우영,金宇榮,KIM WOOYOUNG,1969-08-05,더불어민주당,서울 은평구을,지역구,과학기술정보방송통신위원회,과학기술정보방송통신위원회,초선,남,02-784-6201,kimeunpyung0@gmail.com,https://blog.naver.com/ep202,의원회관 809호,https://www.assembly.go.kr/static/portal/img/openassm/new/40b8f61bbb444b429d9fc87fe4dff506.jpg,□ 학력 - 카이스트 미래전략대학원 경영학 석사 - 성균관대학교 국문학과 학사 □ 주요 약력 - (현) 제22대 국회의원 (서울 은평구을/더불어민주당) - (전) 더불어민주당 당대표 정무조정실장 - (전) 서울특별시 정무부시장 - (전) 제18&middot;19대 서울특별시 은평구 구청장
4L695580,김원이,金元二,KIM WONI,1968-11-11,더불어민주당/더불어민주당,전남 목포시/전남 목포시,지역구/지역구,"산업통상자원중소벤처기업위원회, 기후위기 특별위원회","산업통상자원중소벤처기업위원회, 기후위기 특별위원회",재선,남,02-784-5080~2,kimwoni923@gmail.com,http://blog.naver.com/kimwoni8182,의원회관 923호,https://www.assembly.go.kr/static/portal/img/openassm/new/dfa2409a04254cf0bdb4ad2f86092099.jpg,더불어민주당 목포시지역위원회 지역위원장 제22대 국회 산업통상자원중소벤처기업위원회 간사 제21대 국회 전.후반기 보건복지위원회 위원(전) 더불어민주당 대외협력위원장(전) 국회 섬발전연구회 대표의원(전) 더불어민주당 홍보소통위원장(전) 더불어민주당 선거대책위원회 홍보소통본부 부본부장(전) 제21대 국회 전반기 예산결산특별위원회 위원(전) 제21대 국회 전반기 국회운영위원회 위원(전) 서울시 정무부시장(전) 사회부총리 겸 교육부장관 정책보좌관(전) 김대중 대통령 청와대 행정관(전) 김근태 국회의원 보좌관(전) 신안 출생 목포용호초 졸업 목포제일중 졸업 목포마리아회고 졸업 성균관대학교 사학과 졸업
LCZ1711I,김위상,金渭相,KIM WISANG,1959-11-24,국민의미래,비례대표,비례대표,"환경노동위원회, 예산결산특별위원회","환경노동위원회, 예산결산특별위원회",초선,남,02-784-3291,wisangk@naver.com,,의원회관 911호,https://www.assembly.go.kr/static/portal/img/openassm/new/3b0e41223e344b809f45b64084cde1af.png,"전) 한국노총대구지역본부 의장 전) 한국노총 전국 시.도지역본부의장단협의회 회장 전) 한국노동조합총연맹 부위원장 전) 지방선거(제6회, 제7회) 대책위원회 위원장 전) 국민의힘 노동위원회 부위원장 전) 국민통합위원회 대구광역시지역협의회 위원"
5N65159P,김윤,金輪,KIM YOON,1966-05-24,더불어민주연합,비례대표,비례대표,"보건복지위원회, 예산결산특별위원회","보건복지위원회, 예산결산특별위원회",초선,남,02-784-9761,the.kimyoon@gmail.com,,의원회관 933호,https://www.assembly.go.kr/static/portal/img/openassm/new/fc2eace7308a4cbb8ddd26e79a5d08bd.png,-(현) 보건복지위원회 위원 -(전) 서울대학교 의과대학 의료관리학교실 교수 -(전) 제 3대 건강보험심사평가원 심사평가연구소 소장 -(전) 대통령 소속 경제사회노동위원회 보건의료위원회 위원장 -(전) 참여연대 사회복지위원회 위원 -(전) 더좋은보건의료연대 상임대표 -(전) 보건의료노조 정책자문위원회 위원
JZY9937U,김윤덕,金潤德,KIM YUNDUK,1966-05-23,민주통합당/더불어민주당/더불어민주당,전북 전주시완산구갑/전북 전주시갑/전북 전주시갑,지역구/지역구/지역구,문화체육관광위원회,문화체육관광위원회,3선,남,02-784-4367~9,ydkim22@naver.com,,의원회관 808호,https://www.assembly.go.kr/static/portal/img/openassm/new/dea1db9948874498ad1aa3a24c7409a3.jpg,제19&middot;21&middot;22대 전주시갑 국회의원 (현)국토교통부장관 (현)더불어민주당 전주시갑 지역위원장 (전)더불어민주당 사무총장 (전)더불어민주당 당대표 특보단장 (전)더불어민주당 전라북도당위원장 (전)전라북도 경제통상진흥원 원장 (전)시민행동21 공동대표
L5P27909,김은혜,金恩慧,KIM EUNHYE,1971-01-06,미래통합당/국민의힘,경기 성남시분당구갑/경기 성남시분당구을,지역구/지역구,"국토교통위원회, 12.29여객기참사진상규명과피해자및유가족의피해구제를위한특별위원회, 국회운영위원회","국토교통위원회, 12.29여객기참사진상규명과피해자및유가족의피해구제를위한특별위원회, 국회운영위원회",재선,여,02-784-1238,kimeunhye_official@naver.com,https://blog.naver.com/kimeunhye_official,의원회관 622호,https://www.assembly.go.kr/static/portal/img/openassm/new/2d0fedee640c4683b571177b2f21e1c2.jpg,<경력> 제22대 국회의원 제21대 국회의원 현) 국민의힘 원내정책수석부대표 현) 국회 국토교통위원회 위원 현) 국회 운영위원회 위원 전) 국민의힘 정책위원회 수석부의장 전) 대통령실 홍보수석비서관 전) MBN 앵커 &middot; 특임이사 전) KT 커뮤니케이션실 실장(전무) 전) 美 스탠퍼드대학교 아시아태평양연구센터 객원연구원 전) 청와대 대변인 전) MBC 기자 &middot; 앵커 <학력> 연세대학교 언론홍보대학원 석사 이화여자대학교 신문방송학 학사 정신여자고등학교 졸업
X7E7893P,김장겸,金張謙,KIM JANGKYOM,1961-05-08,국민의미래,비례대표,비례대표,과학기술정보방송통신위원회,과학기술정보방송통신위원회,초선,남,02-784-6346,623kimjk@gmail.com,,의원회관 623호,https://www.assembly.go.kr/static/portal/img/openassm/new/51872f0dbc5948d0b7e94700969cf6ec.jpg,[학 력] &middot; 고려대학교 대학원 석사 &middot; 고려대학교 학사 &middot; 마산고등학교 졸업 [경 력] &middot; (현) 제22대 국회의원(비례대표/국민의힘) &middot; (현) 국민의힘 미디어특별위원회 위원 &middot; (전) 국민의힘 가짜뉴스 괴담방지 특별위원회 위원장 &middot; (전) 국민의힘 포털TF 위원장 &middot; (전) MBC 대표이사 &middot; (전) 대법원 양형위원회 양형위원
57B28032,김재섭,金宰燮,KIM JAESUB,1987-06-28,국민의힘,서울 도봉구갑,지역구,"정무위원회, 연금개혁 특별위원회","정무위원회, 연금개혁 특별위원회",초선,남,02-784-3851,dobongstar24@naver.com,https://blog.naver.com/dobongstar24,의원회관 433호,https://www.assembly.go.kr/static/portal/img/openassm/new/4dda6952ecb54d03a2bfc80764322300.png,2024.5~ 제22대 국회의원 (서울 도봉구갑/국민의힘) 2020.9~2024.1 국민의힘 서울특별시당 도봉갑 당협위원장 2020.9~2021.6 국민의힘 비상대책위원회 위원 미래통합당 서울특별시당 도봉갑 당협위원장 2020.6~2020.9 미래통합당 비상대책위원회 위원 2020.1~2020.2 같이오름 창당준비위원회 위원장
DMP1439I,김재원,金載原,KIM JAEWON,1975-08-02,조국혁신당,비례대표,비례대표,"문화체육관광위원회, 2025 아시아태평양경제협력체(APEC) 정상회의 지원 특별위원회, 예산결산특별위원회","문화체육관광위원회, 2025 아시아태평양경제협력체(APEC) 정상회의 지원 특별위원회, 예산결산특별위원회",초선,여,02-784-7451,jwk@rebuildingk.kr,https://www.riaa.co.kr,의원회관 553호,https://www.assembly.go.kr/static/portal/img/openassm/new/4d3cf1dcfb23411b9ec4bf562f5fe08b.jpg,[경력] 2025.04. ~ 제22대 국회 APEC 정상회의 지원 특별위원회 위원 2024.07. ~ 조국혁신당 문화예술특별위원회 위원장 2024.06. ~ 제22대 국회 문화체육관광위원회 위원 2024.5~ 제22대 국회의원 (비례대표/조국혁신당) 2023.4~2024.5 촛불연대 대표 2022.9~2024.5 바른음원협동조합 이사장 2021.10~2023.10 경기문화재단 이사 2021.10~2022.10 한국음악저작권협회 고충처리위원회 위원 2019.8~2020.2 대경대학교 실용음악과 전임교수 2016.3~2019.2 중부대학교 실용음악과 겸임교수 2008.3~2008.12 백제예술대학교 전통공연예술과 겸임교수 2006.7 동물사랑실천협회 홍보대사 [학력] 고려대학교 대학원 문화콘텐츠 석사 디지털서울문화예술대학교 백제예술대학교 동명여자고등학교 [수상] 2025 한국음악저작권협회 문화예술발전상 2024 시사뉴스 국정감사 우수의원상
E1J8836Y,김정재,金汀才,KIM JUNGJAE,1966-02-15,새누리당/미래통합당/국민의힘,경북 포항시북구/경북 포항시북구/경북 포항시북구,지역구/지역구/지역구,국토교통위원회,국토교통위원회,3선,여,02-784-6831,lawjj@naver.com,,의원회관 914호,https://www.assembly.go.kr/static/portal/img/openassm/new/82a52130b3cd42949f08c91c95b1bd54.png,"현) 제20, 21, 22대 국회의원(포항 북구, 3선) 국회 국토교통위원회 위원 국민의힘 저출생대응특별위원회 위원장 전) 서울특별시의회(7,8대)의원 서울특별시의회 문화체육관광위원회 위원장 새누리당 중앙당 부대변인 자유한국당 원내대변인 국회 운영위원회 위원 국회 과학기술정보방송통신위원회 위원 국회 재난안전대책특별위원회 위원 자유한국당 대표 경북지역 특보 자유한국당 방송장악저지특위 간사 자유한국당 원전대책특위 위원 자유한국당 포항지진대책 TF 간사 19대 대통령선거 자유한국당 중앙선거대책위원회 여성본부 대외협력본부장 자유한국당 신적폐 저지 특별위원회 위원 자유한국당 사회주의 개헌-정책 저지 투쟁본부 위원 국회 산업통상자원중소벤처기업위원회 위원 국회 예산결산특별위원회 위원 국회 여성위원회 간사 국회 국토교통위원회 간사 상훈) 새누리당 국감우수의원상(2016) 입법 및 정책개발 우수 국회의원상(2016) NGO 모니터단 선정 국정감사 우수의원(2016~2024) 자유한국당 국감우수의원상(2017) 한국생활자치대상 국회의원 부분 대상(2017) 법률소비자연맹 선정 제20대 국회 제2차년도 &#39;헌정대상(의정종합대상)&#39;(2018) 한국신문방송인클럽 선정 국회의정대상(2018) 여성정치발전인상(2018)"
9LD2641Q,김정호,金禎鎬,KIM JUNGHO,1960-06-18,더불어민주당/더불어민주당/더불어민주당,경남 김해시을/경남 김해시을/경남 김해시을,지역구/지역구/지역구,"산업통상자원중소벤처기업위원회, 기후위기 특별위원회, 산불피해지원대책 특별위원회","산업통상자원중소벤처기업위원회, 기후위기 특별위원회, 산불피해지원대책 특별위원회",3선,남,02-784-5871,kimjungho3359@daum.net,http://www.kimjungho3359.com,의원회관 609호,https://www.assembly.go.kr/static/portal/img/openassm/new/7d6d00c690814834bdd1fb1c5905a5ef.png,- 국회 산업통상자원중소벤처기업위원회 위원 - 더불어민주당 탄소중립위원장 - 노무현재단 상임운영위원 - 전) 국회 2030 부산세계박람회 유치지원 특별위원회 위원 - 전) 국회 운영위원회 위원 - 전) 국회 기획재정위원회 위원 - 전) 국회 예산결산특별위원회 위원 - 전) 국회 국토교통위원회 위원 - 전) 더불어민주당 사회적경제위원회 위원장 - 전) 더불어민주당 원내선임부대표 - 전) 더불어민주당 원내부대표(2019.5~2020.5) - 전) 더불어민주당 경남도당위원장(2020.08 ~ ) - 전) 더불어민주당 가덕신공항특별위원회 부위원장(2020.12~2022.3) - 전) 더불어민주당 항공우주산업혁신특별위원회 부위원장(2020.2~2020.7) - 전) 더불어민주당 부울경메가시티특별위원회 부위원장(2019.12~2022.1) - 전) 더불어민주당 기후변화대응및에너지전환산업육성특위 위원(2018.10~2020.7) - 전) 농업회사법인(주)봉하마을 대표이사(2008.10. ~ 2018.06) - 전) 노무현 대통령 비서실 기록관리비서관 - 부산대학교 경제학과 졸업
M2Q9024I,김종민,金鍾民,KIM JONGMIN,1964-05-12,더불어민주당/더불어민주당/새로운미래,충남 논산시계룡시금산군/충남 논산시계룡시금산군/세종특별자치시갑,지역구/지역구/지역구,"산업통상자원중소벤처기업위원회, 기후위기 특별위원회","산업통상자원중소벤처기업위원회, 기후위기 특별위원회",3선,남,02-784-5920,withmin413@gmail.com,,의원회관 508호,https://www.assembly.go.kr/static/portal/img/openassm/new/33a7a75a274846b7981941b4c5ea6971.png,"학력 장훈고등학교 서울대학교 국어국문학 학사 주요 경력 내일신문 기자 시사저널 기자 청와대 홍보기획비서관실 행정관 청와대 대변인(노무현정부) 청와대 국정홍보비서관 충청남도 정무부지사 제20대, 21대 국회의원 (논산&middot;계룡&middot;금산) 현) 제22대 국회의원(세종특별자치시갑) 현) 국회 디지털경제3.0포럼 대표의원 현) 국회의장 직속 국민 미래 개헌자문위원회 위원 국회 소속위원회 현) 산업통상자원중소벤처기업위원회 현) 기후위기 특별위원회 전) 정무위원회 전) 법제사법위원회 전) 국회운영위원회 전) 정치개혁특별위원회 전) 헌법개정 및 정치개혁 특별위원회 전) 기획재정위원회 전) 헌법개정특별위원회 전) 예산결산특별위원회 전) 지방재정&middot;분권특별위원회 수상 내역 홍조근정훈장"
N378078V,김종양,金鍾陽,KIM JONGYANG,1961-10-30,국민의힘,경남 창원시의창구,지역구,"국토교통위원회, 예산결산특별위원회","국토교통위원회, 예산결산특별위원회",초선,남,02-784-1751,jykimm61@assembly.go.kr,,의원회관 937호,https://www.assembly.go.kr/static/portal/img/openassm/new/d552d62c9a174c3e95f785adaeb18ccf.jpg,[학력] 마산고등학교 졸업 고려대학교 경영학과 졸업 서울대학교 행정대학원 졸업 [경력] 행정고시 합격(제29회) 미국 LA 총영사관 영사(전) 경남경찰청 청장(전) 경기경찰청 청장(전) 인터폴 총재(전) 단국대 대학원 석좌교수(전) 국민의힘 원내부대표(전)
D6U6678O,김주영,金周暎,KIM JUYOUNG,1961-10-15,더불어민주당/더불어민주당,경기 김포시갑/경기 김포시갑,지역구/지역구,환경노동위원회,환경노동위원회,재선,남,02-784-5260,gimpolovekjy@gmail.com,https://blog.naver.com/peoplewin60,의원회관 520호,https://www.assembly.go.kr/static/portal/img/openassm/new/a3a36296e15c4c2990676f4047e80a4b.jpg,"제22대 국회 전반기 환경노동위원회 간사 제21, 22대 경기도 김포시갑 국회의원 더불어민주당 민생연석회의 노동사회위원회 위원장 더불어민주당 환경노동 정책조정위원회 위원장 더불어민주당 정년연장 TF 간사 더불어민주당 노동존중실천 국회의원단 부단장 제21대 국회 후반기 기획재정위원회 위원 제21대 국회 후반기 기획재정위원회 경제재정소위원회 위원 제21대 국회 전반기 기획재정위원회 위원 제21대 국회 전반기 기획재정위원회 조세소위원회 위원 전) 더불어민주당 최고위원 전) 더불어민주당 정책위원회 상임부의장 전) 더불어민주당 대외협력위원회 위원장 전) 경제사회노동위원회 근로자 위원 전) 문재인대통령직속 일자리위원회 위원 전) 저출산고령사회위원회 민간위원 전) 한국노동조합총연맹 위원장"
YM42715P,김준혁,金俊爀,KIM JUNHYUK,1969-03-07,더불어민주당,경기 수원시정,지역구,"교육위원회, 국회운영위원회","교육위원회, 국회운영위원회",초선,남,02-784-2195~7,jhkim1789@naver.com,,의원회관 332호,https://www.assembly.go.kr/static/portal/img/openassm/new/7319b4af128146fb93e3d9baa9982383.jpg,"▶더불어민주당 경기도당 대변인 ▶더불어민주당 전략기획위원회 부위원장 ▶더불어민주당 정당혁신위원(전) ▶더불어민주당 대통령직속 국가균형발전위원회 자문위원(전) ▶한신대학교 부교수 ▶파장초, 수성중, 수성고 졸업"
8A05621B,김준형,金峻亨,KIM JOONHYUNG,1963-03-29,조국혁신당,비례대표,비례대표,외교통일위원회,외교통일위원회,초선,남,02-784-4091,joonforpeace@gmail.com,https://blog.naver.com/joonforpeace,의원회관 414호,https://www.assembly.go.kr/static/portal/img/openassm/new/7e2d7f243fdf4eaba8fb034549668444.jpg,前 국립외교원장 前 한동대학교 국제지역학과 교수 現 사단법인 외교광장 이사장 ▣ 강원도 홍천 출생(1963) ▣ 대구 영신초&middot;대성중&middot;달성고 졸업 ▣ 연세대 정치외교학과 학사 ▣ 미국 조지워싱턴대학원 정치학 석&middot;박사 ◈ 대통령 직속 정책자문위원(前) ◈ 청와대 안보실 자문위원(前) ◈ 외교부 혁신위원회 위원장(前) ◈ 한반도 평화포럼 외교안보센터장(前)
1WE5693J,김태년,金太年,KIM TAENYEON,1965-03-20,열린우리당/민주통합당/더불어민주당/더불어민주당/더불어민주당,경기도 성남시수정구/경기 성남시수정구/경기 성남시수정구/경기 성남시수정구/경기 성남시수정구,지역구/지역구/지역구/지역구/지역구,기획재정위원회,기획재정위원회,5선,남,"02-784-4570, 031-751-4048",ktn0320@daum.net,http://www.ktn21.com,의원회관 948호,https://www.assembly.go.kr/static/portal/img/openassm/new/f8d696606fc742ec87659bd32ff95ae6.jpg,"제17,19, 20, 21, 22대 국회의원(5선) 현) 국회 한중의원연맹 회장 현) 더불어민주당 국가균형성장특별위원장 전) 더불어민주당 원내대표 전) 더불어민주당 경제안보특별위원회 위원장 전) 더불어민주당 민생경제위기대책위원회 위원장 전) 국회 정치개혁특별위원회 위원장 전) 국회 운영위원회 위원장 전) 더불어민주당 정책위의장 전) 국정기획자문위원회 부위원장 전) 국회 예산결산특별위원회 간사 전) 국회 교육문화체육관광위원회 간사 전) 국회 정치개혁특별위원회 간사"
6WK3815W,김태선,金台善,KIM TAESEON,1979-08-28,더불어민주당,울산 동구,지역구,"환경노동위원회, 2025 아시아태평양경제협력체(APEC) 정상회의 지원 특별위원회","환경노동위원회, 2025 아시아태평양경제협력체(APEC) 정상회의 지원 특별위원회",초선,남,02-784-2135,kts230410@gmail.com,https://assembly.go.kr/members/22st/KIMTAESEON,의원회관 1019호,https://www.assembly.go.kr/static/portal/img/openassm/new/dad545c45b274b35bf2e336bee9b68ed.jpg,제22대 국회의원 (울산 동구/더불어민주당) 더불어민주당 당대표수행실장 더불어민주당 조직강화특별위원회 위원 前)더불어민주당 원내부대표 前)울산광역시청 정무수석 前)대통령비서실 행정관 前)국회정책연구위원 前)더불어민주당 울산광역시당 사무처장
P0F1530P,김태호,金台鎬,KIM TAEHO,1962-08-21,한나라당/새누리당/무소속/국민의힘,경남 김해시을/경남 김해시을/경남 산청군함양군거창군합천군/경남 양산시을,지역구/지역구/지역구/지역구,외교통일위원회,외교통일위원회,4선,남,02-784-0896~7,907kth@naver.com,https://blog.naver.com/chiutaeho,의원회관 907호,https://www.assembly.go.kr/static/portal/img/openassm/new/f400573a310e49048ac59ffe27438e82.png,서울대학교 대학원 교육학 박사 제36대 거창군 군수 제32대 &middot; 33대 경상남도 도지사 제18대 &middot; 19대 국회의원(경남 김해을) 前 새누리당 최고위원 제21대 국회의원(경남 산청&middot;함양&middot;거창&middot;합천) 제21대 국회 외교통일위원회 위원장 現 제22대 국회의원(경남 양산시을)
NUB4941Z,김한규,金翰奎,KIM HANKYU,1974-07-01,더불어민주당/더불어민주당,제주 제주시을/제주 제주시을,지역구/지역구,"산업통상자원중소벤처기업위원회, 여성가족위원회, 예산결산특별위원회","산업통상자원중소벤처기업위원회, 여성가족위원회, 예산결산특별위원회",재선,남,02-784-5621,hanqkim74@gmail.com,https://www.instagram.com/hanqkim74,의원회관 731호,https://www.assembly.go.kr/static/portal/img/openassm/new/c5607570161f4879b98311c104e21485.jpg,제21대&middot;22대 제주시을 국회의원 현)국회 여성가족위 간사&middot;산자중기위 위원 현)더불어민주당 제주특별자치도당위원장 전)더불어민주당 원내대변인 전)문재인 정부 청와대 정무비서관 전)더불어민주당 법률대변인 전)김앤장 법률사무소 변호사(사법연수원 31기) 제41회 사법시험 합격 미국 뉴욕주 변호사
7YL9580G,김현,金玄,KIM HYUN,1965-10-15,민주통합당/더불어민주당,비례대표/경기 안산시을,비례대표/지역구,과학기술정보방송통신위원회,과학기술정보방송통신위원회,재선,여,02-784-8780,kimhyun0610@gmail.com,https://www.facebook.com/cash0610,의원회관 313호,https://www.assembly.go.kr/static/portal/img/openassm/new/1f184c9b9ef14a2b999ccf0c4fdd7870.jpg,강릉여자고등학교 졸업 한양대학교 사학과 졸업 제19대 &middot; 22대 국회의원 국회 과학기술정보방송통신위원회 간사 더불어민주당 국민소통위원장 더불어민주당 안산시(을) 지역위원장 방송통신위원회 부위원장&middot;상임위원(차관급)(前) 더불어민주당 사무부총장(前) 더불어민주당 대변인(前) 민주당 원내대표단 원내부대표(前) 노무현 대통령 청와대 춘추관장(前) 새천년민주당 대변인실 부국장(前) 평화민주당 입당
6VC83722,김현정,金鉉正,KIM HYUNJUNG,1969-06-17,더불어민주당,경기 평택시병,지역구,정무위원회,정무위원회,초선,남,02-784-6142,ubuntu_21@naver.com,https://blog.naver.com/ubuntu_21,의원회관 732호,https://www.assembly.go.kr/static/portal/img/openassm/new/ae8a747324af42baac752128baa4b5bf.jpg,-제22대 평택시병 국회의원 &middot; 현) 더불어민주당 원내대변인 &middot; 현) 더불어민주당 대외협력위원장 &middot; 현) 더불어민주당 경기도당 수석부위원장 &middot; 전) 당대표 전략특보 &middot; 전) 더불어민주당 대변인 &middot; 전) 더불어민주당 비상대책위원 &middot; 전) 더불어민주당 당대표 언론특보
JEZ3130Q,김형동,金亨東,KIM HYUNGDONG,1975-03-25,미래통합당/국민의힘,경북 안동시예천군/경북 안동시예천군,지역구/지역구,"환경노동위원회, 2025 아시아태평양경제협력체(APEC) 정상회의 지원 특별위원회, 산불피해지원대책 특별위원회","환경노동위원회, 2025 아시아태평양경제협력체(APEC) 정상회의 지원 특별위원회, 산불피해지원대책 특별위원회",재선,남,02-6788-6356,khyungdong@naver.com,https://www.facebook.com/khyungdong1016/,의원회관 1016호,https://www.assembly.go.kr/static/portal/img/openassm/new/a8666f5ad131416fb853f840dc4d66e6.jpg,□ 학 력 ○ 사법시험 합격(45회) ○ 서울대학교 언론정보학과 졸업 ○ 안동고등학교 졸업(42회) ○ 경덕중학교 졸업(38회) ○ 안동초등학교 졸업(76회) □ 주요경력 ○ 전) 국민의힘 한동훈 비상대책위원장 비서실장 ○ 전) 21대 국회 후반기 환경노동위원회 위원 ○ 전) 21대 국회 전반기 행정안전위원회 위원 ○ 전) 국민의힘 수석대변인 ○ 전) 국민의힘 20대 대통령선거 선대본부 대변인 ○ 전) 국민의힘 원내부대표 ○ 전) 노동법이론실무학회 이사 ○ 전) 법무법인 중앙법률원 대표 변호사 ○ 전) 한국노총 중앙법률원 부원장 ○ 전) OECD 산하 분쟁조정기구 국내연락사무소 한국 NCP 위원 ○ 전) 이주노동희망센터 이사
HRG9655C,김희정,金姬廷,KIM HEEJUNG,1971-04-13,한나라당/새누리당/국민의힘,부산광역시 연제구/부산 연제구/부산 연제구,지역구/지역구/지역구,국토교통위원회,국토교통위원회,3선,여,02-784-1255,khjkorea@assembly.go.kr,https://blog.naver.com/khjkorea1,의원회관 708호,https://www.assembly.go.kr/static/portal/img/openassm/new/b30ba14b467a4303b40bdbceedfdc68c.jpg,"<주요 경력> - 3선 국회의원 (제17대, 19대, 22대) - 여성가족부 장관 - 청와대 대변인 - 한국인터넷진흥원 초대원장 <학력> - 연세대학교 정치외교학과 졸업 - 연세대학교 대학원 정치학과 석사 졸업 - 연세대학교 대학원 정치학과 박사 수료"
SLW27496,나경원,羅景垣,NA KYUNGWON,1963-12-06,한나라당/한나라당/새누리당/새누리당/국민의힘,비례대표/서울 중구/서울 동작구을/서울 동작구을/서울 동작구을,비례대표/지역구/지역구/지역구/지역구,법제사법위원회,법제사법위원회,5선,여,02-784-8975,nakw63@naver.com,http://blog.naver.com/nakw63,의원회관 706호,https://www.assembly.go.kr/static/portal/img/openassm/new/563d61a4466c42c8be2c4979c00e5060.png,"제22대 서울 동작(을) 국회의원 제17&middot;18&middot;19&middot;20대 국회의원 국회 인구기후그리고내일 대표의원(COP29 국회대표단장) 전 자유한국당 원내대표 전 저출산고령사회위원회 부위원장 전 기후환경대사(COP27 대통령 특사) 전 대통령 특사 (Davos, 세계경제포럼) 전 국회 외교통일위원장(COP21 고위급세션 한국대표) 전 국회 저출산고령화대책특별위원장 전 국제장애인올림픽위원회 집행위원 전 부산&middot;인천지방법원, 서울행정법원 판사"
04T3751T,남인순,南仁順,NAM INSOON,1958-11-05,민주통합당/더불어민주당/더불어민주당/더불어민주당,비례대표/서울 송파구병/서울 송파구병/서울 송파구병,비례대표/지역구/지역구/지역구,"보건복지위원회, 연금개혁 특별위원회","보건복지위원회, 연금개혁 특별위원회",4선,여,02-784-5980,nisoon@na.go.kr,http://blog.naver.com/nisoon,의원회관 748호,https://www.assembly.go.kr/static/portal/img/openassm/new/b265059dddd24f329d9361e3d0f62e4e.jpg,현) 제22대 국회의원(서울 송파병) 현) 국회 보건복지위원 현) 더불어민주당 이태원참사특별위원장 현) 한국아동인구환경의원연맹(CPE) 부회장 제19~21대 국회의원 21대 국회 정치개혁특별위원장 더불어민주당 최고위원 더불어민주당 코로나19국난극복위원회 부위원장 더불어민주당 민생연석회의 운영위원장 더불어민주당 유치원&middot;어린이집 공공성강화 특별위원회 위원장 더불어민주당 보육특별위원장 더불어민주당 젠더폭력대책특별위원장 20대 국회 전반기 여성가족위원장 더불어민주당 여성정치참여확대위원회 위원장 새정치민주연합 전국여성위원장&middot;원내부대표 새정치민주연합 대외협력위원장 19대 국회 아동&middot;여성대상 성폭력대책 특별위원회 간사 한국여성의정 공동대표
RUZ25800,노종면,盧宗勉,NOH JONGMYUN,1967-09-15,더불어민주당,인천 부평구갑,지역구,"과학기술정보방송통신위원회, 예산결산특별위원회","과학기술정보방송통신위원회, 예산결산특별위원회",초선,남,02-784-7351,yesbupyeong@gmail.com,,의원회관 947호,https://www.assembly.go.kr/static/portal/img/openassm/new/4abfcdd3a1e84d28901c894e8c1189fe.jpg,
FJK3396E,맹성규,孟聖奎,MAENG SUNGKYU,1962-04-05,더불어민주당/더불어민주당/더불어민주당,인천 남동구갑/인천 남동구갑/인천 남동구갑,지역구/지역구/지역구,국토교통위원회,국토교통위원회,3선,남,"02-784-6181, 032-466-9100",minjoomsk@naver.com,https://blog.naver.com/minjoo_maeng,의원회관 918호,https://www.assembly.go.kr/static/portal/img/openassm/new/250f36e411ab4b34bf0eb7fcadfbadf7.jpg,<주요경력> 2022.07.~ 제21대 국회 후반기 국토교통위원회 위원 2022.07.~ 제21대 국회 후반기 정치개혁특별위원회 위원 2021.07.~ 제21대 국회 전반기 예산결산특별위원회 간사 2021.02. 더불어민주당 수석사무부총장 2020.09 ~더불어민주당 예산결산위원회 위원장 2020.06.~제21대 국회 전반기 농림축산식품해양수산위원회 위원 2020.05.~제21대 국회의원(인천 남동구갑) 2019.10.~더불어민주당 사회복지특별위원회위원장 2019.08.~ 제20대 국회 예결산특별위원회 위원 2019.08.~ 제20대 국회 운영위원회 위원 2019. 5.~ 더불어민주당 원내부대표 2018.10.~ 더불어민주당 정책위원회 상임부의장 2018. 7.~ 제20대 국회후반기 보건복지위원회 위원 2018. 6.~ 제20대 국회의원(인천 남동구갑) 2017. 6.~&rsquo;18. 4. 문재인정부 국토교통부 제2차관 2015. 7.~&rsquo;17. 4. 제14대 강원도 경제부지사 2010. 2. 주중국대한민국대사관 공사참사관 2006. 4. 참여정부 청와대 민정수석실 행정관 1988. 4. 제31회 행정고시 <학력사항> 한국항공대학교 대학원 법학박사 캐나다 맥길대학교 대학원 법학석사 서울대학교 대학원 행정학 석사 고려대학교 행정학 학사 부평고등학교 졸업
J1G57517,모경종,牟炅鍾,MO GYEONGJONG,1989-08-10,더불어민주당,인천 서구병,지역구,"행정안전위원회, 연금개혁 특별위원회","행정안전위원회, 연금개혁 특별위원회",초선,남,02-784-1813,moalarm2024@gmail.com,https://blog.naver.com/moalarm,의원회관 722호,https://www.assembly.go.kr/static/portal/img/openassm/new/776af614628b4030a71734c4634c639e.jpg,- 제22대 국회의원 (인천 서구병/더불어민주당) - 더불어민주당 전국청년위원회 위원장 - 더불어민주당 원내부대표 - 더불어민주당 이재명 당대표비서실 차장 - 국회 이재명 의원실 비서관 - 경기도청 청년비서관 - 대한민국 육군 무적태풍부대 GP장
GRP3908I,문금주,文今柱,MUN GEUMJU,1967-06-03,더불어민주당,전남 고흥군보성군장흥군강진군,지역구,"농림축산식품해양수산위원회, 12.29여객기참사진상규명과피해자및유가족의피해구제를위한특별위원회, 국회운영위원회","농림축산식품해양수산위원회, 12.29여객기참사진상규명과피해자및유가족의피해구제를위한특별위원회, 국회운영위원회",초선,남,02-784-1190,moongj67@gmail.com,https://blog.naver.com/mgj318,의원회관 318호,https://www.assembly.go.kr/static/portal/img/openassm/new/e1710b2722c74ea79c98bdc53e0425ad.jpg,□ 학력 - 조선대 행정학과 졸 - 전남대 행정대학원 정책학과 졸 - 미시간주립대 도시 및 지역계획학과 국제도시계획학석사(MIPS) 졸 □ 주요 약력 - (전) 전라남도 행정부지사 - (전) 행정안전부 공공서비스정책관 - (전) 조선대학교 대외협력 외래교수
D9I3309M,문대림,文大林,MOON DAELIM,1965-11-22,더불어민주당,제주 제주시갑,지역구,농림축산식품해양수산위원회,농림축산식품해양수산위원회,초선,남,02-784-2820,moondaelim@naver.com,https://www.facebook.com/mdl0010,의원회관 419호,https://www.assembly.go.kr/static/portal/img/openassm/new/5c44086f31074ae99db902a7fcb4712a.jpg,"제22대 국회의원 현) 더불어민주당 해양수산특별위원장 현) 더불어민주당 제주시갑 지역위원장 전) 문재인정부 청와대 제도개선비서관 전) 제주국제자유도시개발센터 이사장 전) 제9대 제주특별자치도의회 의장 전) 제8,9대 제주특별자치도의회 도의원"
GOC54665,문정복,文貞福,MOON JEONGBOG,1967-01-10,더불어민주당/더불어민주당,경기 시흥시갑/경기 시흥시갑,지역구/지역구,교육위원회,교육위원회,재선,여,02-784-9850,indobangrang@hanmail.net,https://blog.naver.com/indobangrang,의원회관 521호,https://www.assembly.go.kr/static/portal/img/openassm/new/20e051935a914f069c35c6e00dc22d70.png,○ 학력 - 이화여자대학교 정책과학대학원 석사졸업 ○ 경력 - 전) 제6.7대 시흥시의회 의원 - 전) 사람사는세상 노무현재단 기획위원 - 전) 문재인대통령 비서실 선임행정관 - 전) 더불어민주당 원내부대표 - 전) 21대 전반기 국토교통위원회 위원 - 전) 21대 전반기 예산결산특별위원회 위원 - 현) 21대 국회의원 - 현) 더불어민주당 경기도당 시흥시갑 지역위원장 - 현) 국회 교육위원회 위원 - 현) 정치개혁특별위원회 위원
4U29186R,문진석,文振碩,MOON JINSEOG,1962-02-12,더불어민주당/더불어민주당,충남 천안시갑/충남 천안시갑,지역구/지역구,"국토교통위원회, 국회운영위원회","국토교통위원회, 국회운영위원회",재선,남,02-784-9030,jmoon123@naver.com,https://blog.naver.com/jmoon123,의원회관 628호,https://www.assembly.go.kr/static/portal/img/openassm/new/81cfd832d09349ba95e28a111b700bfc.jpg,○학력 1991년 중앙대 정치외교학과 졸업 2010년 고려대학교 정책대학원 석사 졸업 2018년 서울과학기술대학교 에너지환경대학원 박사과정 수료 ○경력 - 21대 국회 충남 천안시갑 국회의원(더불어민주당) - 현) 더불어민주당 원내운영수석부대표 - 현) 더불어민주당 국회운영위원회 간사 - 현) 더불어민주당 을지로위원회 위원 - 현) 더불어민주당 충남도당위원장 - 현) 사단법인 유관순열사기념사업회 고문 - 전) 더불어민주당 국토교통위원회 간사 - 전) 더불어민주당 코로나19 국난극복위원회 위원 - 전) 국회상임위원회 위원 정수에 관한 규칙 개정 특별위원회 - 전) 사단법인 유관순열사기념사업회 부회장 - 전) 단국대학교 초빙교수 - 전) 대통령직속 국가균형발전위원회 국민소통특별위원 - 전) 행정안전부 지방자치단체 합동평가위원 - 전) 양승조 충남도지사 비서실장 - 전) 2017년 문재인 대통령후보 선거대책위 남평포럼 사무총장 - 전) 2012년 문재인 대통령후보 선거대책본부 충남시민캠프 대표
